Date,Open,High,Low,Close,Volume,Dividends,Splits,AdjOpen,AdjHigh,AdjLow,AdjClose,sma20,sma50,sma100,sma200,ema12,ema26,macd,macd_signal,macd_hist,rsi14,bb_mid,bb_up,bb_low,bb_pctb,atr14,atr_pct,ret_1d,ret_1w,ret_1m,ret_3m,ret_6m,ret_12m,vol_21,drawdown,dist_52w_high,dist_52w_low,vol_sma20,turnover_sar,rs_bench_3m
2025-07-16,24.500000,24.799999,23.500000,24.250000,1912400,0.000000,0.000000,23.778831,24.070000,22.808267,23.536190,,,,,,,,,,50.000000,,,,,,,,,,,,,,0.000000,,,,46375700.000000,
2025-07-17,24.250000,24.639999,23.500000,23.500000,807600,0.000000,0.000000,23.536191,23.914711,22.808268,22.808268,,,,,,,,,,50.000000,,,,,,,-0.030928,,,,,,,-0.030928,,,,18978600.000000,
2025-07-18,23.799999,24.520000,23.750000,24.000000,386200,0.000000,0.000000,23.099437,23.798245,23.050909,23.293550,,,,,,,,,,50.000000,,,,,,,0.021277,,,,,,,-0.010309,,,,9268800.000000,
2025-07-21,24.000000,25.410000,24.000000,24.870001,507300,0.000000,0.000000,23.293549,24.662045,23.293549,24.137941,,,,,,,,,,50.000000,,,,,,,0.036250,,,,,,,0.000000,,,,12616551.507300,
2025-07-22,24.750000,25.570000,24.610001,25.280001,480700,0.000000,0.000000,24.021472,24.817334,23.885593,24.535872,,,,,,,,,,50.000000,,,,,,,0.016486,,,,,,,0.000000,,,,12152096.480700,
2025-07-23,25.010000,25.465000,24.860001,25.139999,291700,0.000000,0.000000,24.273821,24.715428,24.128237,24.399994,,,,,,,,,,50.000000,,,,,,,-0.005538,0.036701,,,,,,-0.005538,,,,7333337.708300,
2025-07-24,24.690001,25.065001,24.450001,24.820000,101900,0.000000,0.000000,23.963238,24.327200,23.730303,24.089411,,,,,,,,,,50.000000,,,,,,,-0.012729,0.056170,,,,,,-0.018196,,,,2529158.000000,
2025-07-25,24.610001,25.270000,24.187000,25.240000,111500,0.000000,0.000000,23.885593,24.526165,23.475044,24.497047,,,,,,,,,,50.000000,,,,,,,0.016922,0.051667,,,,,,-0.001582,,,,2814260.000000,
2025-07-28,24.920000,25.160000,23.940001,24.170000,129200,0.000000,0.000000,24.186471,24.419406,23.235318,23.458548,,,,,,,,,,50.000000,,,,,,,-0.042393,-0.028146,,,,,,-0.043908,,,,3122764.000000,
2025-07-29,24.100000,24.365000,23.879999,24.190001,118900,0.000000,0.000000,23.390608,23.647807,23.177082,23.477959,,,,,,,,,,50.000000,,,,,,,0.000827,-0.043117,,,,,,-0.043117,,,,2876191.118900,
2025-07-30,23.770000,24.219999,23.549999,23.690001,251300,0.000000,0.000000,23.070321,23.507074,22.856795,22.992676,,,,,,,,,,50.000000,,,,,,,-0.020670,-0.057677,,,,,,-0.062896,,,,5953297.251300,
2025-07-31,23.620001,24.504999,23.620001,24.370001,77700,0.000000,0.000000,22.924735,23.783683,22.924735,23.652658,,,,,23.695333,,,,,50.000000,,,,,,,0.028704,-0.018130,,,,,,-0.035997,,,,1893549.077700,
2025-08-01,24.209999,25.030001,24.180000,24.320000,74100,0.000000,0.000000,23.497367,24.293232,23.468251,23.604130,,,,,23.679497,,,,,50.000000,,,,,,,-0.002052,-0.036450,,,,,,-0.037975,,,,1802112.000000,
2025-08-04,23.100000,24.870001,22.243000,24.825001,161100,0.000000,0.000000,22.420043,24.137942,21.588268,24.094267,,,,,23.750119,,,,,50.000000,,,,,1.073066,0.044536,0.020765,0.027100,,,,,,-0.017998,,,,3999307.661100,
2025-08-05,24.209999,25.000000,23.605000,24.709999,266600,0.000000,0.000000,23.497368,24.264115,22.910177,23.982651,,,,,23.789072,,,,,54.095631,,,,,1.102966,0.045990,-0.004632,0.021496,,,,,,-0.022547,,,,6587685.733400,
2025-08-06,25.230000,25.583000,24.670000,25.100000,219800,0.000000,0.000000,24.487344,24.829954,23.943829,24.361172,,,,,23.883616,,,,,58.649443,,,,,1.080663,0.044360,0.015783,0.059519,,,,,,-0.007120,,,,5516980.000000,
2025-08-07,25.400000,25.830000,24.700001,25.540001,170800,0.000000,0.000000,24.652339,25.069682,23.972945,24.788219,,,,,24.031422,,,,,63.097289,,,,,1.082266,0.043661,0.017530,0.048010,,,,,,0.000000,,,,4362232.170800,
2025-08-08,25.500000,26.570000,25.350000,26.250000,292500,0.000000,0.000000,24.749396,25.787900,24.603812,25.477320,,,,,24.265438,,,,,68.908898,,,,,1.092140,0.042867,0.027800,0.079359,,,,,,0.000000,,,,7678125.000000,
2025-08-11,25.240000,26.885000,25.120001,26.850000,196100,0.000000,0.000000,24.497050,26.093630,24.380584,26.059660,,,,,24.553524,,,,,72.806376,,,,,1.150853,0.044162,0.022857,0.081571,,,,,,0.000000,,,,5265285.000000,
2025-08-12,27.100000,28.139999,26.655001,26.980000,128800,0.000000,0.000000,26.302300,27.311686,25.870399,26.185831,24.171668,,,,24.813864,,,,,73.579166,24.171668,26.012003,22.331333,1.047227,1.177696,0.044975,0.004842,0.091866,,,,,,0.000000,,,334310.000000,3475024.000000,
2025-08-13,26.700001,26.980000,26.030001,26.580000,156100,0.000000,0.000000,25.914076,26.185833,25.263798,25.797607,24.284739,,,,24.969882,,,,,67.246698,24.284739,26.235264,22.334214,0.887810,1.154553,0.044754,-0.014826,0.058964,,,,,,-0.014826,,,246495.000000,4149138.000000,
2025-08-14,26.299999,28.125000,26.000000,28.040001,162400,0.000000,0.000000,25.525848,27.297129,25.234679,27.214632,24.505057,,,,25.324209,,,,,75.526131,24.505057,26.729567,22.280547,1.109027,1.235197,0.045387,0.054929,0.097886,0.156289,,,,0.372346,0.000000,,,214235.000000,4553696.162400,
2025-08-15,28.290001,28.605000,27.760000,28.330000,117700,0.000000,0.000000,27.457272,27.762999,26.942872,27.496094,24.715184,,,,25.665667,,,,,76.781597,24.715184,27.232518,22.197851,1.052352,1.198959,0.043605,0.010342,0.079238,0.205532,,,,0.345582,0.000000,,,200810.000000,3334441.000000,
2025-08-18,28.090000,28.520000,27.389999,28.360001,120800,0.330000,0.000000,27.584474,28.006735,26.897071,27.849615,24.900768,,,,26.007869,,,,,78.288133,24.900768,27.762612,22.038924,1.015201,1.191285,0.042776,0.012857,0.068687,0.195593,,,,0.343086,0.000000,,,181485.000000,3425888.120800,
2025-08-19,28.760000,28.760000,26.629999,27.240000,127400,0.000000,0.000000,28.242417,28.242417,26.150748,26.749771,25.011463,,,,26.123788,,,,,64.307963,25.011463,27.983041,22.039885,0.792489,1.267559,0.047386,-0.039492,0.021536,0.108204,,,,0.366182,-0.039492,,,163820.000000,3470376.000000,
2025-08-20,26.790001,27.540001,26.700001,27.520000,70500,0.000000,0.000000,26.307871,27.044373,26.219490,27.024733,25.142700,,,,26.264219,25.568209,0.696010,,,65.945234,25.142700,28.230152,22.055248,0.804787,1.230550,0.045534,0.010279,0.047567,0.101438,,,,0.364389,-0.029619,,,152760.000000,1940160.000000,
2025-08-21,27.790001,27.860001,26.975000,27.719999,76500,0.000000,0.000000,27.289874,27.358614,26.489541,27.221132,25.299286,,,,26.413073,25.708169,0.704904,,,67.105930,25.299286,28.478123,22.120449,0.802288,1.200693,0.044109,0.007267,0.000239,0.115620,,,,0.362479,-0.022567,,,151490.000000,2120579.923500,
2025-08-22,27.440001,28.230000,27.160000,28.170000,61900,0.000000,0.000000,26.946172,27.721954,26.671211,27.663034,25.457585,,,,26.607180,25.871959,0.735221,,,69.615310,25.457585,28.780277,22.134894,0.831877,1.188445,0.042961,0.016234,0.006071,0.148348,,,,0.358013,-0.006700,,,149010.000000,1743723.000000,
2025-08-25,28.469999,28.650000,27.280001,27.490000,106200,0.000000,0.000000,27.957635,28.134395,26.789052,26.995272,25.634422,,,,26.667360,25.965172,0.702188,,,61.927339,25.634422,28.884822,22.384021,0.709336,1.201131,0.044494,-0.024139,-0.030677,0.101981,,,,0.371463,-0.030677,,,147860.000000,2919438.000000,
2025-08-26,27.770000,28.500000,27.770000,28.379999,142400,0.000000,0.000000,27.270234,27.987096,27.270234,27.869255,25.853986,,,,26.853507,26.121778,0.731729,,,67.055441,25.853986,29.084245,22.623728,0.811936,1.184365,0.042497,0.032375,0.041850,0.188021,,,,0.340542,0.000000,,,149035.000000,4041311.857600,
2025-08-27,28.580000,28.990000,28.219999,28.629999,171400,0.000000,0.000000,28.065656,28.468277,27.712134,28.114756,26.110090,,,,27.048645,26.284367,0.764278,,,68.345227,26.110090,29.194052,23.026128,0.825015,1.150359,0.040917,0.008809,0.040334,0.197496,,,,0.339410,0.000000,,,145040.000000,4907181.828600,
2025-08-28,29.120001,29.514999,28.400000,28.420000,110300,0.000000,0.000000,28.595938,28.983828,27.888894,27.908535,26.322884,,,,27.181570,26.415881,0.765689,,,66.007512,26.322884,29.277496,23.368273,0.768335,1.145993,0.041062,-0.007335,0.025253,0.213801,,,,0.327746,-0.007335,,,146670.000000,3134726.000000,
2025-08-29,28.250000,29.700001,28.250000,29.209999,167300,0.000000,0.000000,27.741594,29.165500,27.741594,28.684317,26.576894,,,,27.413698,26.598304,0.815394,,,70.144625,26.576894,29.418707,23.735081,0.870789,1.167728,0.040710,0.027797,0.036919,0.212731,,,,0.327090,0.000000,,,151330.000000,4886832.832700,
2025-09-02,29.330000,30.739000,29.135000,30.430000,433200,0.000000,0.000000,28.802158,30.185801,28.610668,29.882362,26.866298,,,,27.794794,26.860737,0.934056,0.798091,0.135965,75.170393,26.866298,29.820265,23.912332,1.010511,1.199375,0.040137,0.041767,0.106948,0.265980,,,,0.342567,0.000000,,,164935.000000,13182276.000000,
2025-09-03,30.820000,31.639999,30.510000,31.000000,316100,0.000000,0.000000,30.265343,31.070586,29.960923,30.442104,27.189271,,,,28.203252,27.145268,1.057984,0.856322,0.201662,77.109223,27.189271,30.227028,24.151514,1.035400,1.198514,0.039370,0.018732,0.092319,0.263458,,,,0.341947,0.000000,,,167410.000000,9799100.000000,
2025-09-04,31.000000,31.400000,30.200001,30.469999,322300,0.000000,0.000000,30.442105,30.834906,29.656503,29.921642,27.467295,,,,28.468268,27.364665,1.103603,0.910426,0.193177,71.517231,27.467295,30.432163,24.502426,0.913905,1.196971,0.040004,-0.017097,0.064268,0.247637,,,,0.351900,-0.017097,,,172535.000000,9820480.677700,
2025-09-05,31.160000,31.920000,30.290001,31.920000,205900,0.000000,0.000000,30.599226,31.345549,29.744884,31.345549,27.795161,,,,28.911844,27.677696,1.234147,0.979948,0.254200,76.531645,27.795161,30.956377,24.633945,1.061554,1.227792,0.039170,0.047588,0.123153,0.286701,,,,0.374094,0.000000,,,174290.000000,6572328.000000,
2025-09-08,33.029999,33.279999,31.260000,31.650000,126700,0.000000,0.000000,32.435570,32.681071,30.697425,31.080406,28.075315,,,,29.246054,27.944050,1.302004,1.048106,0.253898,73.921922,28.075315,31.362253,24.788377,0.957126,1.285218,0.041351,-0.008459,0.083533,0.253838,,,,0.380331,-0.008459,,,166000.000000,4010055.000000,
2025-09-09,31.799999,32.139999,31.181000,31.930000,312400,0.000000,0.000000,31.227706,31.561587,30.619847,31.355368,28.340101,,,,29.571045,28.209959,1.361086,1.113582,0.247504,74.878618,28.340101,31.792406,24.887795,0.936703,1.259241,0.040160,0.008847,0.049293,0.230717,,,,0.375482,0.000000,,,171815.000000,9974932.000000,
2025-09-10,32.060001,32.810001,31.309999,32.759998,248900,0.000000,0.000000,31.483030,32.219532,30.746525,32.170429,28.639331,,,,29.971452,28.517483,1.453969,1.184142,0.269827,77.512204,28.639331,32.334341,24.944320,0.977820,1.275340,0.039643,0.025994,0.056774,0.234492,,,,0.376969,0.000000,,,177820.000000,8153963.502200,
2025-09-11,33.049999,33.090000,31.594999,31.600000,223100,0.000000,0.000000,32.455209,32.494490,31.026394,31.031305,28.901016,,,,30.134679,28.711982,1.422698,1.233235,0.189463,66.948622,28.901016,32.488385,25.313646,0.796915,1.289801,0.041565,-0.035409,0.037086,0.185042,,,,0.408818,-0.035409,,,181170.000000,7049960.000000,
2025-09-12,32.029999,33.310001,31.750000,31.875000,380200,0.000000,0.000000,31.453567,32.710533,31.178607,31.301357,29.105352,,,,30.314329,28.911668,1.402662,1.267901,0.134761,68.059939,29.105352,32.753321,25.457382,0.800990,1.318913,0.042136,0.008703,-0.001410,0.213343,,,,0.399982,-0.027015,,,192060.000000,12118875.000000,
2025-09-15,32.000000,32.349998,31.120001,32.080002,170600,0.000000,0.000000,31.424106,31.767806,30.559944,31.502668,29.305681,,,,30.497290,29.110873,1.386417,1.292039,0.094378,68.899441,29.305681,33.020977,25.590384,0.795668,1.310639,0.041604,0.006431,0.013586,0.157564,,,,0.364354,-0.020757,,,194705.000000,5472848.341200,
2025-09-16,32.650002,32.650002,31.489000,31.910000,167400,0.000000,0.000000,32.062410,32.062410,30.922303,31.335726,29.479986,,,,30.626363,29.281448,1.344915,1.302769,0.042146,67.319256,29.479986,33.234550,25.725422,0.747131,1.297972,0.041421,-0.005299,-0.000626,0.139643,,,,0.366698,-0.025946,,,197035.000000,5341734.000000,
2025-09-17,31.760000,32.389999,30.870001,31.790001,426400,0.000000,0.000000,31.188427,31.807088,30.314445,31.217888,29.703392,,,,30.717416,29.429527,1.287889,1.299758,-0.011869,66.165725,29.703392,33.302445,26.104339,0.710402,1.312391,0.042040,-0.003761,-0.029609,0.120945,,,,0.367584,-0.029609,,,211985.000000,13555256.426400,
2025-09-18,31.840000,31.959999,30.719999,30.990000,204500,0.000000,0.000000,31.266987,31.384826,30.167142,30.432283,29.873769,,,,30.673529,29.506024,1.167505,1.273061,-0.105556,58.917404,29.873769,33.254928,26.492611,0.582592,1.305394,0.042895,-0.025165,-0.019304,0.137665,,,,0.348228,-0.054029,,,218685.000000,6337455.000000,
2025-09-19,31.160000,32.270000,30.520000,31.965000,482600,0.000000,0.000000,30.599223,31.689247,29.970742,31.389736,30.082200,,,,30.783758,29.649410,1.134348,1.245112,-0.110764,64.081772,30.082200,33.284038,26.880361,0.704185,1.335837,0.042557,0.031462,0.002823,0.161519,,,,0.358781,-0.024267,,,238990.000000,15426309.000000,
2025-09-22,32.240002,34.680000,32.240002,34.380001,916600,0.000000,0.000000,31.659790,34.055877,31.659790,33.761276,30.387112,,,,31.241988,29.961760,1.280228,1.252177,0.028051,73.101368,30.387112,33.775007,26.999216,0.997973,1.433649,0.042464,0.075551,0.071696,0.240260,,,,0.429480,0.000000,,,281725.000000,31512708.916600,
2025-09-23,35.430000,35.520000,34.070000,35.119999,588900,0.000000,0.000000,34.792379,34.880760,33.456854,34.487957,30.761746,,,,31.741507,30.304936,1.436571,1.289231,0.147340,75.159751,30.761746,34.226609,27.296883,1.037714,1.432934,0.041549,0.021524,0.100595,0.246716,,,,0.430736,0.000000,,,305860.000000,20682167.411100,
2025-09-24,35.500000,35.820000,34.325001,34.590000,387300,0.000000,0.000000,34.861118,35.175359,33.707265,33.967495,31.066658,27.532953,,,32.084048,30.582147,1.501900,1.331926,0.169974,70.970797,31.066658,34.533067,27.600249,0.918421,1.435508,0.042261,-0.015091,0.088078,0.258276,,,,0.422524,-0.015091,,,318105.000000,13396707.000000,
2025-09-25,34.590000,34.799999,32.869999,32.889999,302000,0.000000,0.000000,33.967494,34.173714,32.278448,32.298088,31.275825,27.708191,,,32.116984,30.711814,1.405170,1.346619,0.058550,59.513247,31.275825,34.487764,28.063885,0.659135,1.469116,0.045486,-0.049147,0.061310,0.158915,,,,0.463731,-0.063497,,,324635.000000,9932779.698000,
2025-09-26,33.320000,34.779999,33.009998,34.650002,458200,0.000000,0.000000,32.720351,34.154075,32.415928,34.026417,31.581719,27.932554,,,32.410792,30.961912,1.448880,1.367121,0.081759,65.689053,31.581719,34.603023,28.560414,0.904577,1.497348,0.044005,0.053512,0.083998,0.210269,,,,0.490467,-0.013383,,,342030.000000,15876630.916400,
2025-09-29,35.994999,37.430000,35.118999,37.209999,522600,0.000000,0.000000,35.347210,36.756386,34.486976,36.540344,31.974520,28.197490,,,33.046199,31.382243,1.663955,1.426603,0.237352,72.306242,31.974520,35.422372,28.526668,1.162126,1.587161,0.043436,0.073882,0.082315,0.309289,,,,0.533943,0.000000,,,359795.000000,19445945.477400,
2025-09-30,37.070000,37.779999,35.020000,37.209999,414000,0.000000,0.000000,36.402864,37.100086,34.389758,36.540344,32.307419,28.445538,,,33.583824,31.770408,1.813416,1.504086,0.309331,72.306242,32.307419,36.165962,28.448876,1.048513,1.668881,0.045672,0.000000,0.059510,0.273879,,,,0.533212,0.000000,,,358835.000000,15404939.586000,
2025-10-01,36.810001,37.200001,36.119999,37.000000,376200,0.000000,0.000000,36.147546,36.530527,35.469961,36.334126,32.602020,28.681503,,,34.006991,32.113439,1.893552,1.582075,0.311477,71.003484,32.602020,36.749787,28.454253,0.949893,1.625393,0.044735,-0.005644,0.069673,0.215905,,,,0.525233,-0.005644,,,361840.000000,13919400.000000,
2025-10-02,37.529999,37.660000,35.889999,36.750000,697700,0.000000,0.000000,36.854588,36.982250,35.244103,36.088627,32.910369,28.915276,,,34.327270,32.411907,1.915363,1.648799,0.266564,69.400395,32.910369,37.135340,28.685399,0.876128,1.633576,0.045266,-0.006757,0.117361,0.185484,,,,0.527229,-0.012362,,,380610.000000,25640475.000000,
2025-10-03,36.950001,37.035000,35.509998,36.130001,289100,0.000000,0.000000,36.285025,36.368494,34.870937,35.479782,33.117081,29.143083,,,34.504593,32.642020,1.862573,1.691588,0.170985,65.453525,33.117081,37.423451,28.810711,0.774326,1.623716,0.045765,-0.016871,0.042713,0.185757,,,,0.527091,-0.029024,,,384770.000000,10445183.289100,
2025-10-06,36.700001,37.803001,36.349998,36.610001,436000,0.000000,0.000000,36.039522,37.122672,35.695818,35.951141,33.360618,29.372165,,,34.727153,32.889997,1.837156,1.720720,0.116436,67.017412,33.360618,37.732431,28.988805,0.796276,1.625104,0.045203,0.013285,-0.016125,0.146930,,,,0.508228,-0.016125,,,400235.000000,15961960.436000,
2025-10-07,37.000000,38.000000,35.900002,36.250000,208700,0.000000,0.000000,36.334124,37.316128,35.253922,35.597622,33.572731,29.614947,,,34.861078,33.092724,1.768354,1.730251,0.038103,64.653458,33.572731,37.946549,29.198912,0.731479,1.656725,0.046540,-0.009833,-0.025799,0.145340,,,,0.508778,-0.025799,,,395050.000000,7565375.000000,
2025-10-08,37.250000,37.964001,36.689999,37.820000,265700,0.000000,0.000000,36.579628,37.280779,36.029705,37.139370,33.821178,29.888175,,,35.211600,33.395465,1.816135,1.747435,0.068700,69.676988,33.821178,38.418404,29.223951,0.860891,1.658635,0.044660,0.043310,0.022162,0.184466,,,,0.524160,0.000000,0.000000,0.628329,395890.000000,10048774.000000,
2025-10-09,38.220001,38.549999,35.700001,36.810001,316900,0.000000,0.000000,37.532169,37.856229,35.057521,36.147545,34.076990,30.151272,,,35.355597,33.601204,1.754393,1.748827,0.005566,63.431408,34.076990,38.589163,29.564816,0.729441,1.740965,0.048163,-0.026705,0.001633,0.123626,,,,0.533831,-0.026705,-0.026705,0.584844,400580.000000,11665089.316900,
2025-10-10,36.900002,37.320000,36.240002,36.930000,301100,0.000000,0.000000,36.235926,36.648365,35.587804,36.265385,34.325191,30.403527,,,35.495569,33.800236,1.695332,1.738125,-0.042793,63.846058,34.325191,38.739557,29.910825,0.719759,1.691869,0.046652,0.003260,0.022142,0.168671,,,,0.512324,-0.023533,-0.023533,0.590010,396625.000000,11119623.000000,
2025-10-13,38.599998,38.856998,37.619999,38.049999,251000,0.000000,0.000000,37.905328,38.157703,36.942965,37.365227,34.618319,30.678749,,,35.783216,34.066396,1.716820,1.733863,-0.017043,67.544996,34.618319,39.022102,30.214536,0.811881,1.706322,0.045666,0.030328,0.039334,0.193725,,,,0.518175,0.000000,0.000000,0.638232,400645.000000,9550549.749000,
2025-10-14,38.139999,39.779999,36.669998,38.959999,406300,0.000000,0.000000,37.453608,39.064093,36.010061,38.258850,34.964475,30.962041,,,36.164092,34.379219,1.784872,1.744067,0.040806,70.211706,34.964475,39.370207,30.558743,0.873874,1.803433,0.047138,0.023916,0.074759,0.214464,0.625533,,,0.520632,0.000000,0.000000,0.677411,412590.000000,15829447.593700,0.539128
2025-10-15,39.700001,40.799999,38.580002,39.900002,567800,0.000000,0.000000,38.985533,40.065735,37.885690,39.181934,35.362677,31.266026,,,36.628384,34.737383,1.891001,1.773458,0.117543,72.706449,35.362677,39.782215,30.943140,0.932088,1.830553,0.046719,0.024127,0.054997,0.250392,0.717883,,,0.519859,0.000000,0.000000,0.717883,419660.000000,22655221.135600,0.632445
2025-10-16,40.860001,41.042000,38.759998,39.959999,805400,0.000000,0.000000,40.124661,40.303385,38.062451,39.240856,35.803106,31.563620,,,37.030309,35.073063,1.957246,1.810219,0.147027,72.862680,35.803106,39.897529,31.708683,0.919809,1.860088,0.047402,0.001504,0.085575,0.256999,0.684623,,,0.518268,0.000000,0.000000,0.720466,449705.000000,32183783.194600,0.604851
2025-10-17,39.020000,40.660000,36.025002,36.660000,1017400,0.000000,0.000000,38.317773,39.928258,35.376674,36.000244,36.033631,31.787860,,,36.871836,35.142141,1.729695,1.794113,-0.064418,54.414395,36.033631,39.561822,32.505441,0.495268,2.053688,0.057047,-0.082583,-0.007311,0.182962,0.491438,,,0.600951,-0.082583,-0.082583,0.578386,476445.000000,37297884.000000,0.410110
2025-10-20,37.500000,37.919998,35.840000,37.560001,698500,0.000000,0.000000,36.825127,37.237567,35.195001,36.884048,36.189770,32.015995,,,36.873714,35.271863,1.601851,1.755658,-0.153807,57.569694,36.189770,39.567737,32.811803,0.602766,2.052889,0.055658,0.024550,-0.012878,0.175035,0.503270,,,0.598125,-0.060060,-0.060060,0.617135,465540.000000,26235660.698500,0.402860
2025-10-21,34.500000,35.110001,32.650002,33.450001,1459500,0.000000,0.000000,33.879118,34.478140,32.062413,32.848015,36.107773,32.151762,,,36.254370,35.091428,1.162942,1.637108,-0.474166,42.949467,36.107773,39.730431,32.485115,0.050087,2.251853,0.068554,-0.109425,-0.141427,-0.027051,0.346230,,,0.674734,-0.162913,-0.162913,0.440180,509070.000000,48820276.459500,0.254240
2025-10-22,31.500000,33.275002,31.100000,32.939999,1069900,0.000000,0.000000,30.933107,32.676165,30.540306,32.347191,36.026758,32.274989,,,35.653260,34.887217,0.766044,1.462888,-0.696844,41.539727,36.026758,39.913774,32.139742,0.026685,2.255865,0.069739,-0.015247,-0.174436,-0.062073,0.342797,,,0.671681,-0.175676,-0.175676,0.418222,543200.000000,35242504.930100,0.262901
2025-10-23,34.000000,34.362000,33.349998,33.439999,430800,0.000000,0.000000,33.388115,33.743600,32.749812,32.838192,36.053763,32.415801,,,35.220170,34.734791,0.485379,1.267379,-0.782001,43.497799,36.053763,39.837847,32.269679,0.075119,2.194156,0.066817,0.015179,-0.163163,-0.033247,0.340496,,,0.672530,-0.163163,-0.163163,0.439749,549640.000000,14405951.569200,0.253635
2025-10-24,33.439999,33.814999,33.040001,33.380001,350700,0.000000,0.000000,32.838192,33.206443,32.445393,32.779274,35.991406,32.527094,,,34.844645,34.589368,0.255277,1.064953,-0.809676,43.310338,35.991406,39.953091,32.029721,0.094600,2.091295,0.063799,-0.001794,-0.089471,0.014898,0.397327,,,0.649176,-0.164665,-0.164665,0.437166,544265.000000,11706366.350700,0.301651
2025-10-27,32.500000,32.740002,30.559999,30.840000,881800,0.000000,0.000000,31.915108,32.150790,30.010021,30.284983,35.678638,32.582872,,,34.143155,34.269363,-0.126207,0.826716,-0.952923,36.198024,35.678638,40.377047,30.980229,-0.073987,2.139939,0.070660,-0.076094,-0.178914,-0.109957,0.289933,,,0.673204,-0.228228,-0.228228,0.327807,562225.000000,27194712.000000,0.169583
2025-10-28,29.760000,30.833000,29.110001,30.260000,1191400,0.000000,0.000000,29.224420,30.278110,28.586118,29.715422,35.337392,32.620188,,,33.461963,33.930896,-0.468933,0.567581,-1.036514,34.792984,35.337392,40.714632,29.960151,-0.022756,2.108302,0.070950,-0.018807,-0.095366,-0.186778,0.292386,,,0.610632,-0.242743,-0.242743,0.302836,601095.000000,36051764.000000,0.164707
2025-10-29,31.184999,31.975000,30.049999,30.190001,565600,0.000000,0.000000,30.623773,31.399557,29.509199,29.646681,35.003019,32.678126,,,32.874994,33.612555,-0.737561,0.306549,-1.044110,34.618333,35.003019,40.923537,29.082502,0.047646,2.092674,0.070587,-0.002313,-0.083485,-0.188659,0.253419,,,0.610252,-0.244495,-0.244495,0.299822,610565.000000,17075464.565600,0.119153
2025-10-30,30.315001,32.235001,30.000000,32.189999,481300,0.000000,0.000000,29.769433,31.654879,29.460101,31.610687,34.779122,32.769845,,,32.680485,33.463840,-0.783355,0.088566,-0.871921,43.365570,34.779122,40.863205,28.695040,0.239613,2.099994,0.066433,0.066247,-0.037380,-0.130000,0.339202,,,0.663942,-0.194445,-0.194445,0.385931,599745.000000,15493046.518700,0.197265
2025-10-31,32.189999,32.555000,31.250000,32.330002,417300,0.000000,0.000000,31.610685,31.969118,30.687604,31.748169,34.592542,32.860386,,,32.537051,33.336413,-0.799362,-0.089021,-0.710341,43.931060,34.592542,40.813488,28.371596,0.271387,2.041336,0.064298,0.004349,-0.031456,-0.120272,0.317665,,,0.664844,-0.190941,-0.190941,0.391959,606155.000000,13491309.834600,0.190780
2025-11-03,32.549999,34.299999,32.490002,32.910000,626300,0.000000,0.000000,31.964208,33.682714,31.905290,32.317730,34.410871,32.953480,,,32.503309,33.260768,-0.757459,-0.222710,-0.534749,46.322270,34.410871,40.676814,28.144928,0.332975,2.033684,0.062928,0.017940,0.067121,-0.089123,0.347546,,,0.668085,-0.176426,-0.176426,0.416930,615670.000000,20611533.000000,0.208031
2025-11-04,32.290001,32.974998,31.150000,31.549999,404100,0.000000,0.000000,31.708889,32.381558,30.589403,30.982204,34.180100,33.033218,,,32.269293,33.091599,-0.822306,-0.342630,-0.479676,41.818647,34.180100,40.600085,27.760116,0.250942,2.016383,0.065082,-0.041325,0.042630,-0.138214,0.271786,,,0.677451,-0.210461,-0.210461,0.358376,625440.000000,12749354.595900,0.168844
2025-11-05,32.779999,34.529999,32.439999,33.810001,573800,0.000000,0.000000,32.190068,33.908574,31.856187,33.201534,33.983209,33.139864,,,32.412715,33.099759,-0.687045,-0.411513,-0.275531,50.441392,33.983209,40.261022,27.705395,0.437743,2.081555,0.062695,0.071632,0.119907,-0.067310,0.339408,,,0.728728,-0.153904,-0.153904,0.455680,640845.000000,19400178.573800,0.233155
2025-11-06,33.810001,34.446999,32.770000,33.150002,370500,0.000000,0.000000,33.201535,33.827069,32.180251,32.553413,33.803502,33.228637,,,32.434361,33.059210,-0.624849,-0.454180,-0.170669,48.195014,33.803502,40.025974,27.581030,0.399550,2.050426,0.062986,-0.019521,0.029823,-0.123480,0.277741,,,0.711496,-0.170420,-0.170420,0.427264,643525.000000,12282075.741000,0.202964
2025-11-07,33.930000,34.794998,33.160000,34.290001,308000,0.000000,0.000000,33.319376,34.168806,32.563232,33.672897,33.673878,33.343924,,,32.624905,33.104751,-0.479846,-0.459314,-0.020532,52.158244,33.673878,39.787472,27.560283,0.499920,2.019280,0.059968,0.034389,0.060625,-0.068460,0.292146,,,0.719739,-0.141892,-0.141892,0.476346,643870.000000,10561320.308000,0.216434
2025-11-10,36.410000,36.536999,34.654999,35.889999,1273500,0.000000,0.000000,35.754741,35.879454,34.031324,35.244099,33.567821,33.475120,,,33.027858,33.263488,-0.235630,-0.414577,0.178947,57.116887,33.567821,39.482135,27.653508,0.641714,2.032686,0.057674,0.046661,0.090550,-0.028161,0.345922,,,0.739446,-0.101852,-0.101852,0.545233,694995.000000,45705913.726500,0.260816
2025-11-11,36.630001,36.770000,34.509998,35.020000,512800,0.000000,0.000000,35.970785,36.108265,33.888935,34.389759,33.374367,33.565268,,,33.237382,33.347046,-0.109664,-0.353594,0.243930,53.848647,33.374367,38.881722,27.867011,0.592185,2.046044,0.059496,-0.024241,0.109984,-0.079632,0.333060,,,0.735117,-0.123624,-0.123624,0.507776,700320.000000,17958256.000000,0.252226
2025-11-12,35.000000,36.650002,34.410000,36.619999,692400,0.000000,0.000000,34.370116,35.990423,33.790734,35.960960,33.213318,33.675645,,,33.656394,33.540948,0.115445,-0.259786,0.375231,58.546470,33.213318,38.166062,28.260573,0.777386,2.057039,0.057202,0.045688,0.083111,-0.060062,0.321383,,,0.748864,-0.083584,-0.083584,0.576663,706550.000000,25355687.307600,0.243275
2025-11-13,36.369999,36.500000,34.754002,35.400002,511100,0.000000,0.000000,35.715461,35.843123,34.128546,34.762920,32.989421,33.772470,,,33.826629,33.631586,0.195043,-0.168820,0.363863,54.030266,32.989421,37.133750,28.845093,0.713967,2.040967,0.058711,-0.033315,0.067873,-0.112782,0.264286,,,0.750182,-0.114114,-0.114114,0.524137,691835.000000,18092941.022200,0.206598
2025-11-14,34.200001,35.799999,33.910000,35.299999,458100,0.000000,0.000000,33.584516,35.155720,33.299735,34.664719,32.922645,33.838854,,,33.955566,33.708209,0.247357,-0.085585,0.332941,53.664846,32.922645,36.902484,28.942806,0.718862,2.027733,0.058496,-0.002825,0.029455,-0.116617,0.244711,,,0.749888,-0.116617,-0.116617,0.519831,663870.000000,16170929.541900,0.185958
2025-11-17,35.200001,35.700001,34.000000,34.639999,356300,0.000000,0.000000,34.566517,35.057519,33.388112,34.016594,32.779272,33.897578,,,33.964955,33.731078,0.233876,-0.021692,0.255569,51.203449,32.779272,36.343088,29.215457,0.673595,2.002100,0.058857,-0.018697,-0.034829,-0.055101,0.271659,,,0.697201,-0.133133,-0.133133,0.491415,646760.000000,12342231.643700,0.206300
2025-11-18,35.099998,35.450001,34.580002,34.880001,487100,0.000000,0.000000,34.468316,34.812019,33.957677,34.252277,32.849485,33.955516,,,34.009158,33.769727,0.239431,0.030532,0.208899,52.064450,32.849485,36.473822,29.225149,0.693524,1.920005,0.056055,0.006928,-0.003998,-0.071353,0.267442,,,0.691471,-0.127127,-0.127127,0.501748,598140.000000,16990048.487100,0.207932
2025-11-19,35.400002,36.860001,35.080002,36.470001,442700,0.000000,0.000000,34.762920,36.196644,34.448679,35.813663,33.022809,34.028380,,,34.286774,33.921278,0.365496,0.097525,0.267971,57.424195,33.022809,36.870661,29.174956,0.862651,1.921748,0.053660,0.045585,-0.004096,0.090284,0.315657,,,0.590916,-0.087337,-0.087337,0.570205,566780.000000,16145269.442700,0.246278
2025-11-20,36.950001,38.000000,34.646000,34.910000,283500,0.000000,0.000000,36.285026,37.316129,34.022489,34.281738,33.094986,34.093389,,,34.286000,33.948003,0.337996,0.145619,0.192377,51.356875,33.094986,36.982212,29.207761,0.652648,2.019856,0.058919,-0.042775,-0.013842,0.059806,0.239262,,,0.610057,-0.126376,-0.126376,0.503040,559415.000000,9896985.000000,0.212210
2025-11-21,35.340000,36.540001,35.255001,35.930000,438700,0.000000,0.000000,34.704000,35.882405,34.620531,35.283382,33.220192,34.173030,,,34.439443,34.047003,0.392440,0.194984,0.197456,54.725237,33.220192,37.224160,29.216224,0.757643,1.989881,0.056397,0.029218,0.017847,0.074462,0.307021,,,0.615367,-0.100851,-0.100851,0.546956,563815.000000,15762491.000000,0.268614
2025-11-24,35.930000,37.450001,35.930000,37.220001,443700,0.000000,0.000000,35.283382,36.776027,35.283382,36.550167,33.533451,34.273980,,,34.764170,34.232568,0.531602,0.262307,0.269295,58.627226,33.533451,37.550821,29.516080,0.875459,1.954328,0.053470,0.035903,0.074481,0.115039,0.311487,,,0.624574,-0.068569,-0.068569,0.602496,541910.000000,16514514.443700,0.249859
2025-11-25,37.450001,37.785000,36.750000,37.270000,304300,0.000000,0.000000,36.776027,37.104997,36.088624,36.599266,33.877643,34.379250,,,35.046492,34.408005,0.638487,0.337543,0.300944,58.775526,33.877643,37.692132,30.063154,0.856748,1.887268,0.051566,0.001343,0.068521,0.208496,0.301781,,,0.549527,-0.067317,-0.067317,0.604649,497555.000000,11341261.000000,0.235295
2025-11-26,37.560001,39.200001,37.424999,39.119999,250200,0.000000,0.000000,36.884047,38.494532,36.751474,38.415970,34.316107,34.523212,,,35.564874,34.705090,0.859784,0.441991,0.417792,63.927745,34.316107,38.098738,30.533477,1.041933,1.887840,0.049142,0.049638,0.072662,0.292796,0.376495,,,0.556023,-0.021021,-0.021021,0.684300,481785.000000,9787823.749800,0.306948
2025-11-28,39.180000,40.189999,38.900002,40.099998,334200,0.000000,0.000000,38.474893,39.466714,38.199933,39.378334,34.704490,34.702133,,,36.151560,35.051470,1.100090,0.573611,0.526479,66.328467,34.704490,38.891045,30.517935,1.058197,1.843442,0.046814,0.025051,0.148668,0.328254,0.372818,,,0.554679,0.000000,0.000000,0.726494,474430.000000,13401419.331600,0.283790
2025-12-01,39.900002,40.500000,39.380001,40.200001,390500,0.000000,0.000000,39.181936,39.771136,38.671293,39.476536,35.090908,34.863869,,,36.663095,35.379441,1.283654,0.715620,0.568034,66.572941,35.090908,39.546552,30.635264,0.992143,1.790288,0.045351,0.002494,0.118842,0.248835,0.321065,,,0.522303,0.000000,0.000000,0.730799,473090.000000,15698100.390500,0.227253
2025-12-02,40.529999,40.980000,38.340000,39.799999,660100,0.000000,0.000000,39.800595,40.242497,37.650009,39.083733,35.429208,34.970318,,,37.035501,35.653978,1.381522,0.848800,0.532722,64.553963,35.429208,40.023571,30.834845,0.897718,1.847628,0.047274,-0.009950,0.069317,0.231055,0.283871,,,0.526976,-0.009950,-0.009950,0.713577,474780.000000,26271979.339900,0.194748
2025-12-03,40.290001,42.335999,40.200001,41.759998,939400,0.000000,0.000000,39.564915,41.574091,39.476534,41.008457,35.930521,35.100728,,,37.646725,36.050801,1.595924,0.998225,0.597699,69.443967,35.930521,40.667602,31.193440,1.035977,1.893567,0.046175,0.049246,0.120472,0.268915,0.370528,,,0.543470,0.000000,0.000000,0.797965,501545.000000,39229342.121200,0.290078
2025-12-04,41.389999,41.779999,40.060001,41.610001,307200,0.000000,0.000000,40.645118,41.028099,39.339056,40.861160,36.313502,35.238602,31.385777,,38.141253,36.407286,1.733967,1.145373,0.588594,68.663281,36.313502,41.350628,31.276376,0.951414,1.878950,0.045984,-0.003592,0.063650,0.318859,0.303571,,,0.511644,-0.003592,-0.003592,0.791506,488215.000000,12782592.307200,0.220405
2025-12-05,42.250000,42.444000,40.720001,41.220001,534400,0.000000,0.000000,41.489642,41.680151,39.987178,40.478180,36.709741,35.402203,31.555197,,38.500780,36.708961,1.791820,1.274663,0.517157,66.567851,36.709741,41.748249,31.671232,0.873964,1.865658,0.046090,-0.009373,0.027930,0.219166,0.302370,,,0.471567,-0.012931,-0.012931,0.774715,496410.000000,22027968.534400,0.220740
2025-12-08,42.000000,43.330002,40.369999,40.380001,639000,0.000000,0.000000,41.244142,42.550208,39.643475,39.653297,37.008761,35.514741,31.723648,,38.678091,36.927145,1.750946,1.369919,0.381027,62.167258,37.008761,41.998013,32.019508,0.765023,1.940059,0.048926,-0.020378,0.004478,0.218100,0.264641,,,0.472250,-0.033046,-0.033046,0.738549,512960.000000,25802820.639000,0.188478
2025-12-09,40.639999,43.759998,40.450001,43.450001,525900,0.000000,0.000000,39.908614,42.972464,39.722035,42.668045,37.379958,35.637295,31.917393,,39.291930,37.352550,1.939380,1.483811,0.455568,69.978533,37.379958,42.893535,31.866381,0.979551,2.038615,0.047778,0.076028,0.091709,0.267133,0.326313,,,0.519198,0.000000,0.000000,0.870727,475580.000000,22850355.525900,0.249075
2025-12-10,43.270000,43.580002,42.099998,43.150002,549600,0.000000,0.000000,42.491287,42.795709,41.342341,42.373447,37.779142,35.753957,32.099748,,39.766009,37.724593,2.041417,1.595332,0.446084,68.490382,37.779142,43.532026,32.026258,0.899304,1.996793,0.047124,-0.006904,0.033286,0.202285,0.365506,,,0.506946,-0.006904,-0.006904,0.857811,477420.000000,23715241.099200,0.292419
2025-12-11,43.820000,45.669998,43.240002,44.919998,444400,0.000000,0.000000,43.031389,44.848094,42.461829,44.111591,38.186674,35.909506,32.295505,,40.434560,38.197850,2.236710,1.723608,0.513102,72.241182,38.186674,44.522486,31.850862,0.967574,2.030939,0.046041,0.041020,0.079548,0.282696,0.409255,,,0.502951,0.000000,0.000000,0.934018,465020.000000,19962447.111200,0.343641
2025-12-12,45.930000,46.705002,44.584999,46.590000,620500,0.000000,0.000000,45.103415,45.864469,43.782620,45.751537,38.736105,36.102765,32.509020,,41.252557,38.757543,2.495014,1.877889,0.617125,75.236367,38.736105,45.696814,31.775395,1.003931,2.034577,0.044470,0.037177,0.130277,0.272256,0.452307,,,0.496678,0.000000,0.000000,1.005919,470490.000000,28909095.000000,0.414433
2025-12-15,47.500000,47.650002,46.356998,46.779999,655500,0.000000,0.000000,46.645162,46.792464,45.522730,45.938118,39.299775,36.311931,32.727507,,41.973412,39.289578,2.683834,2.039078,0.644756,75.559481,39.299775,46.685149,31.914400,0.949425,1.979926,0.043100,0.004078,0.158494,0.321469,0.465998,,,0.469867,0.000000,0.000000,1.014099,480360.000000,30664289.344500,0.433606
2025-12-16,46.910000,48.040001,46.355000,46.549999,481100,0.000000,0.000000,46.065779,47.175444,45.520767,45.712257,39.884558,36.507154,32.939659,,42.548619,39.765449,2.783170,2.187897,0.595273,74.295724,39.884558,47.360151,32.408964,0.889782,1.956686,0.042804,-0.004917,0.071346,0.318697,0.464297,,,0.470853,-0.004917,-0.004917,1.004197,486600.000000,22395204.518900,0.426108
2025-12-17,47.189999,48.450001,47.009998,48.369999,716500,0.000000,0.000000,46.340736,47.578062,46.163975,47.499500,40.546919,36.745191,33.180069,,43.310293,40.338472,2.971821,2.344681,0.627140,77.502288,40.546919,48.264863,32.828974,0.950417,1.950192,0.041057,0.039098,0.120973,0.396363,0.560826,,,0.463294,0.000000,0.000000,1.082556,498070.000000,34657104.283500,0.550920
2025-12-18,48.330002,50.750000,47.910000,49.400002,874600,0.000000,0.000000,47.460224,49.836670,47.047781,48.510967,41.181784,36.972623,33.430399,,44.110397,40.943970,3.166427,2.509031,0.657397,79.091937,41.181784,49.336898,33.026670,0.949361,2.010117,0.041436,0.021294,0.099733,0.416284,0.545440,,,0.462255,0.000000,0.000000,1.126903,519665.000000,43205241.749200,0.528876
2025-12-19,49.320000,51.000000,48.599998,50.040001,1551500,0.000000,0.000000,48.432403,50.082169,47.725359,49.139446,41.924670,37.232461,33.691867,,44.884097,41.551160,3.332936,2.673812,0.659125,80.035862,41.924670,50.139920,33.709419,0.939109,2.034887,0.041410,0.012955,0.074050,0.372087,0.455497,,,0.450601,0.000000,0.000000,1.154458,583065.000000,77637061.551500,0.432739
2025-12-22,50.959999,52.000000,50.400002,51.549999,760100,0.000000,0.000000,50.042890,51.064175,49.492971,50.622272,42.691614,37.519599,33.961563,,45.766893,42.223216,3.543677,2.847785,0.695892,82.090312,42.691614,51.156484,34.226744,0.968445,2.027017,0.040042,0.030176,0.101967,0.476654,0.467825,,,0.399590,0.000000,0.000000,1.219470,599135.000000,39183154.239900,0.429932
2025-12-23,52.500000,52.500000,50.950001,51.959999,526600,0.000000,0.000000,51.555177,51.555177,50.033073,51.024895,43.415350,37.792792,34.235771,,46.575816,42.875301,3.700515,3.018331,0.682184,82.613491,43.415350,52.140474,34.690227,0.936071,1.990943,0.039019,0.007953,0.116219,0.446145,0.502168,,,0.399547,0.000000,0.000000,1.237123,603280.000000,27362135.473400,0.454876
2025-12-24,51.980000,53.000000,50.770000,51.770000,235500,0.000000,0.000000,51.044534,52.046178,49.856311,50.838314,44.127303,38.044381,34.503211,,47.231585,43.465245,3.766340,3.167933,0.598407,81.426407,44.127303,52.834357,35.420248,0.885378,2.005155,0.039442,-0.003657,0.070292,0.390919,0.574035,,,0.400732,-0.003657,-0.003657,1.228942,599840.000000,12191835.000000,0.519149
2025-12-26,52.970001,54.303001,51.790001,54.060001,689800,0.000000,0.000000,52.016721,53.325732,50.857957,53.087105,44.860860,38.322485,34.794256,,48.132434,44.178078,3.954357,3.325217,0.629139,84.345998,44.860860,54.003097,35.718622,0.949903,2.039609,0.038420,0.044234,0.094332,0.450496,0.560173,,,0.408261,0.000000,0.000000,1.327538,621820.000000,37290588.689800,0.510848
2025-12-29,51.080002,51.330002,48.810001,49.660000,966700,0.000000,0.000000,50.160736,50.406236,47.931587,48.766289,45.330257,38.512994,35.038307,,48.229951,44.517990,3.711960,3.402566,0.309394,63.644985,45.330257,54.248542,36.411973,0.692640,2.262215,0.046389,-0.081391,-0.007594,0.269428,0.334588,,,0.518470,-0.081391,-0.081391,1.138097,653445.000000,48006322.000000,0.295493
2025-12-30,51.419998,51.648998,50.368999,50.840000,391200,0.000000,0.000000,50.494613,50.719492,49.462528,49.925053,45.852683,38.791490,35.289675,,48.490736,44.918563,3.572173,3.436487,0.135685,66.051360,45.852683,54.548509,37.156858,0.734157,2.240139,0.044870,0.023762,-0.013773,0.267831,0.366299,,,0.518078,-0.059563,-0.059563,1.188902,653480.000000,19888608.000000,0.332801
2025-12-31,49.869999,51.209999,49.490002,50.415001,317900,0.000000,0.000000,48.972508,50.288393,48.599349,49.507702,46.373882,39.043963,35.529979,,48.647192,45.258538,3.388654,3.426921,-0.038267,64.398018,46.373882,54.598237,38.149527,0.690521,2.200769,0.044453,-0.008360,-0.029734,0.254105,0.362568,,,0.521904,-0.067425,-0.067425,1.170603,636370.000000,16026928.817900,0.341173
2026-01-02,51.134998,51.599998,48.639999,50.000000,569000,0.000000,0.000000,50.214742,50.671374,47.764645,49.100170,46.778467,39.369006,35.760384,,48.716881,45.543133,3.173748,3.376286,-0.202538,62.746381,46.778467,54.681314,38.875621,0.646890,2.251202,0.045849,-0.008232,-0.034190,0.256281,0.360544,,,0.521053,-0.075102,-0.075102,1.152736,617850.000000,28450000.000000,0.343403
2026-01-05,51.000000,53.430000,51.000000,52.419998,630500,0.000000,0.000000,50.082173,52.468441,50.082173,51.476616,47.309240,39.751594,36.013292,,49.141455,45.982693,3.158762,3.332781,-0.174019,67.914186,47.309240,54.960657,39.657823,0.772327,2.331004,0.045283,0.048400,-0.030337,0.255268,0.450872,,,0.520288,-0.030337,-0.030337,1.256928,634015.000000,33050808.739000,0.423861
2026-01-06,53.700001,55.400002,53.049999,53.209999,937800,0.000000,0.000000,52.733583,54.402989,52.095279,52.252399,47.897951,40.139879,36.277840,,49.620062,46.447158,3.172904,3.300806,-0.127902,69.406184,47.897951,55.137094,40.658808,0.800757,2.373536,0.045424,0.015071,0.071486,0.278779,0.453428,,,0.517522,-0.015723,-0.015723,1.290941,654185.000000,49900337.062200,0.427035
2026-01-07,52.330002,52.330002,50.189999,51.240002,755600,0.000000,0.000000,51.388240,51.388240,49.286749,50.317856,48.431179,40.490650,36.508872,,49.727415,46.733900,2.993515,3.239348,-0.245833,61.701202,48.431179,54.606165,42.256193,0.652768,2.415834,0.048011,-0.037023,0.007868,0.243086,0.413517,,,0.540459,-0.052164,-0.052164,1.206123,660015.000000,38716945.511200,0.378591
2026-01-08,50.590000,52.520000,50.000000,51.200001,1179800,0.000000,0.000000,49.679549,51.574816,49.100167,50.278572,48.811705,40.890522,36.736697,,49.812208,46.996489,2.815720,3.154622,-0.338902,61.551773,48.811705,54.401598,43.221812,0.631207,2.420036,0.048133,-0.000781,0.015571,0.267954,0.353781,,,0.530304,-0.052904,-0.052904,1.204401,692710.000000,60405761.179800,0.334832
2026-01-09,52.000000,53.389999,51.570000,52.750000,659800,0.000000,0.000000,51.064176,52.429160,50.641914,51.800678,49.283067,41.332227,36.976207,,50.118127,47.352380,2.765747,3.076847,-0.311100,65.080546,49.283067,54.127205,44.438929,0.759862,2.400788,0.046347,0.030273,0.055000,0.214039,0.433034,,,0.482088,-0.024232,-0.024232,1.271136,698220.000000,34804450.000000,0.404946
2026-01-12,54.250000,56.799999,54.049999,56.799999,670100,0.000000,0.000000,53.273682,55.777790,53.077281,55.777790,49.866377,41.854849,37.266488,,50.988844,47.976526,3.012318,3.063941,-0.051623,72.247795,49.866377,54.894596,44.838158,1.087824,2.513393,0.045061,0.076777,0.083556,0.316338,0.538045,,,0.530445,0.000000,0.000000,1.445507,709505.000000,38061679.329900,0.469164
2026-01-13,56.799999,58.650002,56.220001,57.410000,589900,0.000000,0.000000,55.777789,57.594498,55.208229,56.376812,50.397641,42.350172,37.560008,,51.817762,48.598808,3.218955,3.094944,0.124011,73.141962,50.397641,55.824731,44.970550,1.050863,2.504312,0.044421,0.010739,0.078933,0.278050,0.508804,,,0.521091,0.000000,0.000000,1.471771,707975.000000,33866159.000000,0.464068
2026-01-14,58.189999,59.270000,56.709999,58.490002,662800,0.000000,0.000000,57.142774,58.203339,55.689409,57.437378,50.972604,42.863956,37.862171,,52.682319,49.253554,3.428765,3.161708,0.267057,74.696434,50.972604,56.829891,45.115316,1.051857,2.504999,0.043613,0.018812,0.141491,0.255420,0.501283,1.440386,,0.513863,0.000000,0.000000,1.518270,708340.000000,38767173.325600,0.459100
2026-01-15,58.209999,61.389999,57.970001,60.959999,1050600,0.000000,0.000000,57.162413,60.285184,56.926735,59.862923,51.680137,43.414860,38.184170,,53.787027,50.039474,3.747553,3.278877,0.468676,77.853413,51.680137,58.238645,45.121629,1.123830,2.565964,0.042864,0.042229,0.190625,0.303121,0.527820,1.624615,,0.523916,0.000000,0.000000,1.624615,736815.000000,64044574.949400,0.489887
2026-01-16,60.950001,61.139999,58.509998,60.220001,612400,0.000000,0.000000,59.853104,60.039683,57.457013,59.136242,52.261974,43.977941,38.505579,,54.609983,50.713342,3.896641,3.402430,0.494211,74.840772,52.261974,59.305623,45.218325,0.987976,2.567158,0.043411,-0.012139,0.141611,0.293663,0.507007,1.538739,,0.527649,-0.012139,-0.012139,1.592755,731610.000000,36878728.612400,0.464775
2026-01-20,63.389999,64.440002,61.830002,64.279999,794400,0.000000,0.000000,62.249190,63.280297,60.717268,63.123173,52.992584,44.576373,38.858119,,55.919705,51.632630,4.287074,3.579359,0.707716,79.522676,52.992584,61.313534,44.671635,1.108740,2.679801,0.042454,0.067419,0.131690,0.328923,0.753410,1.615102,,0.553859,0.000000,0.000000,1.767557,727600.000000,51064031.205600,0.741313
2026-01-21,66.510002,66.699997,63.680000,65.535004,1290300,0.000000,0.000000,65.313050,65.499626,62.533979,64.355598,53.753392,45.212417,39.220527,,57.217534,52.575112,4.642423,3.791972,0.850451,80.717218,53.753392,63.285347,44.221437,1.056140,2.700219,0.041958,0.019524,0.141526,0.326620,0.744808,1.622919,,0.553608,0.000000,0.000000,1.821591,714540.000000,84559815.661200,0.734618
2026-01-22,65.489998,70.160004,65.400002,69.309998,1048500,0.000000,0.000000,64.311400,68.897361,64.223023,68.062653,54.625411,45.900212,39.622068,,58.886014,53.722381,5.163633,4.066304,1.097329,83.781875,54.625411,65.969958,43.280864,1.092234,2.841236,0.041744,0.057603,0.184989,0.385092,1.072048,1.789454,,0.573655,0.000000,0.000000,1.984122,728960.000000,72671532.903000,1.051034
2026-01-23,70.300003,70.456001,68.050003,68.300003,659100,0.000000,0.000000,69.034838,69.188029,66.825330,67.070831,55.427708,46.536747,40.005933,,60.145217,54.711191,5.434026,4.339848,1.094178,80.113229,55.427708,67.912394,42.943021,0.966296,2.807053,0.041852,-0.014572,0.120407,0.324927,1.073467,1.784245,,0.580873,-0.014572,-0.014572,1.940637,735585.000000,45016531.977300,1.040009
2026-01-26,70.230003,72.885002,68.790001,68.830002,947000,0.000000,0.000000,68.966100,71.573317,67.552012,67.591293,56.265357,47.200778,40.383023,,61.290767,55.665304,5.625463,4.596971,1.028492,80.593453,56.265357,69.667849,42.862864,0.922531,2.928161,0.043322,0.007760,0.142976,0.324673,1.058313,1.759161,,0.580899,-0.006925,-0.006925,1.963456,771160.000000,65182011.894000,1.029564
2026-01-27,69.040001,70.411003,67.279999,69.250000,630300,0.000000,0.000000,67.797511,69.143840,66.069183,68.003731,57.011188,47.841633,40.758639,,62.323531,56.579290,5.744241,4.826425,0.917816,80.985306,57.011188,71.299867,42.722509,0.884659,2.938626,0.043213,0.006102,0.077318,0.337647,1.074595,1.898889,,0.578114,-0.000866,-0.000866,1.981539,768185.000000,43648275.000000,1.048212
2026-01-28,71.000000,72.760002,70.269997,72.269997,1878200,0.000000,0.000000,69.722235,71.450563,69.005369,70.969376,58.121342,48.565762,41.169116,,63.653661,57.645253,6.008408,5.062822,0.945587,83.556397,58.121342,73.144090,43.098595,0.927619,2.974928,0.041918,0.043610,0.102769,0.336848,1.343385,2.022809,,0.577714,0.000000,0.000000,2.111564,813760.000000,135737508.365400,1.334078
2026-01-29,74.750000,76.800003,69.589996,74.709999,3004600,0.000000,0.000000,73.404752,75.417862,68.337611,73.365471,59.293363,49.339777,41.589315,,65.147785,58.809744,6.338042,5.317866,1.020176,85.287361,59.293363,75.252031,43.334695,0.940892,3.268176,0.044547,0.033762,0.077911,0.504430,1.468936,2.190819,,0.463103,0.000000,0.000000,2.216617,944430.000000,224473662.995400,1.474911
2026-01-30,66.930000,72.000000,63.529999,63.689999,1548600,0.000000,0.000000,65.725485,70.704242,62.386672,62.543793,59.945168,49.910321,41.903949,,64.747171,59.086347,5.660824,5.386457,0.274367,56.407141,59.945168,75.273400,44.616936,0.584766,3.818955,0.061060,-0.147504,-0.067496,0.252754,1.109639,1.644261,,0.741865,-0.147504,-0.147504,1.742154,1005965.000000,98630332.451400,1.130369
2026-02-02,60.564999,64.135002,60.000000,61.270000,1885800,0.000000,0.000000,59.475033,62.980788,58.920202,60.167347,60.498527,50.428622,42.192069,,64.042583,59.166423,4.876160,5.284398,-0.408238,52.224878,60.498527,74.952417,46.044636,0.488544,3.836215,0.063759,-0.037997,-0.109836,0.215313,0.903386,1.549018,,0.758959,-0.179896,-0.179896,1.637962,1071805.000000,115542966.000000,0.902921
2026-02-03,65.089996,65.489998,61.270000,64.720001,1561200,0.000000,0.000000,63.918592,64.311395,60.167344,63.555256,61.102459,50.983454,42.505917,,63.967609,59.491528,4.476081,5.122735,-0.646653,57.107439,61.102459,74.966460,47.238457,0.588459,3.858204,0.060706,0.056308,-0.065415,0.294400,1.001856,1.637775,,0.771745,-0.133717,-0.133717,1.786501,1118340.000000,101040865.561200,1.021657
2026-02-04,65.550003,65.989998,61.000000,63.419998,801700,0.000000,0.000000,64.370324,64.802401,59.902206,62.278652,61.603771,51.543393,42.818391,,63.707770,59.697986,4.009784,4.900144,-0.890360,54.833389,61.603771,74.830806,48.376736,0.525511,3.932634,0.063146,-0.020087,-0.122457,0.209844,0.927074,1.596821,,0.769230,-0.151118,-0.151118,1.730530,1111535.000000,50843812.396600,0.966098
2026-02-05,60.314999,63.790001,60.000000,62.730000,1825900,0.000000,0.000000,59.229531,62.641995,58.920202,61.601070,62.167932,52.069746,43.121388,,63.383662,59.838958,3.544705,4.629056,-1.084352,53.613083,62.167932,74.284004,50.051859,0.476607,3.917574,0.063596,-0.010880,-0.160353,0.178914,0.988273,1.528658,,0.772440,-0.160353,-0.160353,1.700822,1165050.000000,114538707.000000,1.022881
2026-02-06,64.529999,66.459000,64.370003,65.989998,706600,0.000000,0.000000,63.368675,65.262960,63.211558,64.802399,62.894123,52.634791,43.454385,,63.601929,60.206626,3.395303,4.382306,-0.987003,58.331384,62.894123,73.677470,52.110776,0.588483,3.899310,0.060172,0.051969,0.036112,0.287861,0.951789,1.614242,,0.767063,-0.116718,-0.116718,1.841180,1141390.000000,46628532.586800,0.971729
2026-02-09,66.940002,73.089996,66.930000,73.000000,1253100,0.000000,0.000000,65.735304,71.774618,65.725481,71.686241,63.888401,53.336531,43.857890,,64.845670,61.056981,3.788689,4.263582,-0.474894,66.275135,63.888401,74.011827,53.764976,0.885138,4.118809,0.057456,0.106228,0.191448,0.425781,1.202111,1.813728,,0.829382,-0.022889,-0.022889,2.142994,1171055.000000,91476300.000000,1.194101
2026-02-10,72.699997,74.019997,71.000000,72.970001,1047400,0.000000,0.000000,71.391639,72.687883,69.722236,71.656784,64.682351,54.001347,44.262279,,65.893533,61.842163,4.051371,4.221140,-0.169769,66.216961,64.682351,74.616411,54.748291,0.851036,4.036438,0.056330,-0.000411,0.127472,0.383317,1.128026,1.749721,,0.830647,-0.023290,-0.023290,2.141702,1189920.000000,76428779.047400,1.123768
2026-02-11,74.279999,75.570000,72.610001,75.260002,868700,0.000000,0.000000,72.943204,74.209990,71.303261,73.905571,65.558789,54.691892,44.697012,,67.126155,62.735760,4.390394,4.254991,0.135403,68.490798,65.558789,75.500507,55.617072,0.919786,3.955743,0.053524,0.031383,0.186692,0.325000,1.096963,1.822350,,0.803882,0.000000,0.000000,2.240297,1203860.000000,65378363.737400,1.116545
2026-02-12,74.900002,75.245003,68.820000,68.930000,1118200,0.000000,0.000000,73.552052,73.890845,67.581470,67.689491,66.071395,55.256151,45.060010,,67.212822,63.102708,4.110114,4.226015,-0.115902,57.058491,66.071395,75.280162,56.862628,0.587856,4.124915,0.060939,-0.084108,0.098836,0.200662,0.968304,1.623867,,0.873944,-0.084108,-0.084108,1.967761,1226630.000000,77077526.000000,1.005424
2026-02-13,70.290001,72.639999,69.239998,72.360001,795300,0.000000,0.000000,69.025016,71.332722,67.993909,71.057762,66.631137,55.895631,45.432975,,67.804351,63.691978,4.112373,4.203287,-0.090914,60.869918,66.631137,75.608994,57.653280,0.746530,4.090508,0.057566,0.049761,0.096530,0.237135,0.975970,1.611013,,0.884284,-0.038533,-0.038533,2.115439,1213865.000000,57547908.795300,1.012703
2026-02-17,69.540001,69.540001,65.010002,67.160004,612100,0.000000,0.000000,68.288513,68.288513,63.840039,65.951347,66.971892,56.394489,45.747609,,67.519273,63.859340,3.659933,4.094616,-0.434683,53.165591,66.971892,75.241373,58.702411,0.438294,4.313884,0.065410,-0.071863,-0.080000,0.101706,0.897175,1.398571,,0.922183,-0.107627,-0.107627,1.891554,1213850.000000,41108638.448400,0.909942
2026-02-18,69.199997,70.434998,68.300003,68.769997,514000,0.000000,0.000000,67.954626,69.167400,67.070829,67.532364,67.192352,56.927913,46.083257,,67.521287,64.131419,3.389869,3.953667,-0.563798,55.062079,67.192352,75.262503,59.122200,0.521066,4.235466,0.062718,0.023972,-0.057558,0.141979,0.948158,1.424894,,0.921580,-0.086234,-0.086234,1.960872,1199830.000000,35347778.458000,0.954576
2026-02-19,68.309998,70.639999,67.620003,70.559998,621100,0.000000,0.000000,67.080646,69.368716,66.403069,69.290154,67.439079,57.504153,46.453178,,67.793421,64.513551,3.279870,3.818907,-0.539037,57.140106,67.439079,75.445538,59.432621,0.615599,4.144764,0.059817,0.026029,-0.062450,0.097698,1.036952,1.590308,,0.898827,-0.062450,-0.062450,2.037940,1166370.000000,43824814.757800,1.038067
2026-02-20,70.750000,74.800003,70.320000,74.589996,592400,0.000000,0.000000,69.476738,73.453855,69.054476,73.247627,67.698328,58.176039,46.845390,,68.632529,65.160525,3.472005,3.749527,-0.277522,61.461007,67.698328,76.115069,59.281587,0.829658,4.162951,0.056834,0.057115,0.082112,0.138170,1.138475,1.710392,,0.915222,-0.008902,-0.008902,2.211451,1143565.000000,44187113.630400,1.118271
2026-02-23,75.980003,80.345001,75.750000,79.389999,1081400,0.000000,0.000000,74.612615,78.899058,74.386751,77.961243,68.242849,58.881903,47.259599,,70.067716,66.108733,3.958983,3.791418,0.167565,65.873966,68.242849,77.818045,58.667652,1.007478,4.269272,0.054761,0.064352,0.097153,0.145434,1.176858,1.863997,,0.920133,0.000000,0.000000,2.418113,1164680.000000,85852344.918600,1.174064
2026-02-24,77.129997,81.650002,76.120003,80.750000,736300,0.000000,0.000000,75.741913,80.180573,74.750096,79.296768,68.828122,59.620370,47.687163,,71.487570,67.085632,4.401939,3.913522,0.488416,67.026047,68.828122,79.592729,58.063516,0.986253,4.352216,0.054885,0.017131,0.202353,0.182284,1.313091,1.866525,,0.916821,0.000000,0.000000,2.476668,1154145.000000,59456225.000000,1.277506
2026-02-25,83.800003,87.239998,83.019997,84.669998,1232100,0.000000,0.000000,82.291879,85.669966,81.525910,83.146217,69.585247,60.401062,48.155284,,73.281208,68.275313,5.005896,4.131997,0.873899,70.153703,69.585247,82.094427,57.076067,1.042041,4.496574,0.054080,0.048545,0.231205,0.230132,1.356526,2.080029,,0.926596,0.000000,0.000000,2.645442,1184235.000000,104321904.535800,1.317062
2026-02-26,84.669998,90.190002,83.670998,89.739998,938000,0.000000,0.000000,83.146228,88.566891,82.165206,88.124985,70.443027,61.248531,48.675648,,75.564866,69.745668,5.819199,4.469437,1.349761,73.636718,70.443027,85.454380,55.431675,1.088953,4.632654,0.052569,0.059880,0.271826,0.295885,1.411069,2.162086,,0.941194,0.000000,0.000000,2.863730,1137225.000000,84176118.124000,1.410791
2026-02-27,88.000000,90.040001,80.160004,84.449997,1165300,0.000000,0.000000,86.416290,88.419578,78.717388,82.930176,70.921262,61.988372,49.150152,,76.697991,70.722303,5.975687,4.770687,1.205000,65.100220,70.921262,86.902715,54.939810,0.875714,4.994767,0.060229,-0.058948,0.132189,0.168535,1.265897,1.949703,,0.967435,-0.058948,-0.058948,2.635970,1045260.000000,98409581.504100,1.281418
2026-03-02,86.320000,89.209999,85.040001,88.120003,1252900,0.000000,0.000000,84.766525,87.604514,83.509562,86.534134,72.120779,62.804810,49.655982,,78.211244,71.893556,6.317687,5.080087,1.237600,67.882034,72.120779,89.029110,55.212449,0.926221,4.971879,0.057456,0.043458,0.109963,0.179494,1.252556,2.100633,,0.971104,-0.018052,-0.018052,2.793981,1030475.000000,110405551.758700,1.272622
2026-03-03,83.699997,85.779999,80.709999,84.209999,925900,0.000000,0.000000,82.193680,84.236249,79.257492,82.694504,73.247137,63.508710,50.126950,,78.900976,72.693630,6.207346,5.305539,0.901807,62.194167,73.247137,89.800278,56.693996,0.785365,5.136506,0.062114,-0.044371,0.042848,0.322186,1.100000,1.882917,,0.813657,-0.061622,-0.061622,2.625637,982480.000000,77970038.074100,1.136335
2026-03-04,87.500000,88.309998,85.720001,86.190002,562400,0.000000,0.000000,85.925292,86.720713,84.177327,84.638870,74.301318,64.231268,50.601945,,79.783729,73.578467,6.205262,5.485484,0.719778,63.846211,74.301318,90.940801,57.661835,0.810633,5.057199,0.059750,0.023513,0.017952,0.406724,1.144030,1.832402,,0.791106,-0.039559,-0.039559,2.710885,932540.000000,48473257.124800,1.164155
2026-03-05,85.870003,85.870003,79.300003,81.750000,721600,0.000000,0.000000,84.324627,84.324627,77.872865,80.278770,75.201324,64.854054,51.043258,,79.859889,74.074788,5.785101,5.545407,0.239694,57.751802,75.201324,91.030205,59.372442,0.660385,5.179257,0.064516,-0.051514,-0.089035,0.263133,1.054020,1.637097,,0.812466,-0.089035,-0.089035,2.519722,928535.000000,58990800.000000,1.082409
2026-03-06,79.410004,81.680000,78.000000,80.599998,456800,0.000000,0.000000,77.980896,80.210041,76.596268,79.149475,76.078744,65.424598,51.472099,,79.750595,74.450692,5.299903,5.496306,-0.196404,56.254030,76.078744,90.627050,61.530438,0.605536,5.072345,0.064086,-0.014067,-0.045589,0.270893,0.930077,1.645225,,0.809693,-0.101850,-0.101850,2.470210,860080.000000,36818079.086400,0.975545
2026-03-09,76.900002,81.500000,75.279999,80.720001,692300,0.000000,0.000000,75.516059,80.033273,73.925211,79.267311,76.801990,65.989447,51.891119,,79.676243,74.807480,4.868763,5.370798,-0.502034,56.381148,76.801990,90.396896,63.207083,0.590671,5.146326,0.064924,0.001489,-0.083976,0.286785,0.939918,1.528822,,0.806276,-0.100513,-0.100513,2.475376,859365.000000,55882456.692300,0.974344
2026-03-10,82.169998,87.040001,82.169998,85.000000,679500,0.000000,0.000000,80.691220,85.473579,80.691220,83.470291,77.391192,66.642086,52.343234,,80.259943,75.449172,4.810771,5.258792,-0.448021,60.760948,77.391192,91.073715,63.708670,0.722148,5.222036,0.062562,0.053023,0.009381,0.288074,1.062106,1.685624,,0.806921,-0.052819,-0.052819,2.659651,830685.000000,57757500.000000,1.099472
2026-03-11,82.650002,83.120003,79.440002,82.800003,464700,0.660000,0.000000,81.797712,82.262867,78.620815,81.946167,77.905661,67.219268,52.770876,,80.519362,75.930432,4.588930,5.124820,-0.535890,58.468245,77.905661,91.453433,64.357890,0.649121,5.195425,0.063400,-0.018259,-0.031814,0.143123,1.066566,1.613465,,0.738754,-0.070114,-0.070114,2.592827,801550.000000,38477161.394100,1.101807
2026-03-12,82.285004,82.285004,78.625000,80.110001,769000,0.000000,0.000000,81.436479,81.436479,77.814218,79.283905,78.174578,67.829620,53.171307,,80.329292,76.178838,4.150454,4.929947,-0.779493,54.593199,78.174578,91.601006,64.748151,0.541311,5.119462,0.064571,-0.032488,-0.012393,0.106440,0.858156,1.464496,,0.751296,-0.100324,-0.100324,2.476104,796565.000000,61604590.769000,0.911791
2026-03-13,80.500000,81.360001,75.000000,75.385002,551700,0.000000,0.000000,79.669880,80.521012,74.226596,74.607628,78.520485,68.323271,53.557381,,79.449036,76.062452,3.386584,4.621274,-1.234690,48.511367,78.520485,91.141858,65.899111,0.344991,5.203387,0.069743,-0.058981,-0.057383,0.009499,0.760717,1.404270,,0.777444,-0.153388,-0.153388,2.271078,768240.000000,41589905.603400,0.826193
2026-03-16,75.220001,76.750000,74.050003,76.599998,1136400,0.000000,0.000000,74.444330,75.958551,73.286397,75.810097,78.758102,68.849319,53.946641,,78.889199,76.043759,2.845440,4.266107,-1.420667,50.052252,78.758102,90.959873,66.556330,0.379198,5.022584,0.066252,0.016117,-0.043615,0.119968,0.718598,1.421943,,0.713078,-0.139743,-0.139743,2.323799,785295.000000,87048237.727200,0.770293
2026-03-17,77.870003,80.620003,77.820000,78.889999,421000,0.000000,0.000000,77.067006,79.788648,77.017519,78.076485,79.364359,69.428846,54.398926,,78.764166,76.194332,2.569835,3.926853,-1.357018,52.912536,79.364359,89.990008,68.738709,0.439398,4.948010,0.063374,0.029896,-0.064619,0.098775,0.706533,1.478409,,0.701069,-0.114026,-0.114026,2.423166,775740.000000,33212689.579000,0.737386
2026-03-18,75.260002,75.389999,71.709999,72.339996,952300,0.000000,0.000000,74.483919,74.612576,70.970524,71.594025,79.567442,69.831194,54.791394,,77.661067,75.853567,1.807500,3.502982,-1.695482,44.978588,79.567442,89.363823,69.771060,0.093043,5.102150,0.071265,-0.083027,-0.126329,0.085558,0.558488,1.284741,,0.717453,-0.187585,-0.187585,2.138951,797655.000000,68889378.190800,0.597738
2026-03-19,64.785004,67.500000,63.700001,66.470001,1829300,0.000000,0.000000,64.116939,66.803939,63.043125,65.784561,79.392162,70.101837,55.120858,,75.833913,75.107714,0.726199,2.947626,-2.221427,39.292411,79.392162,90.050332,68.733991,-0.138365,5.348490,0.081303,-0.081145,-0.170266,-0.025881,0.439101,1.107271,,0.772532,-0.253508,-0.253508,1.884242,858065.000000,121593572.829300,0.483268
2026-03-20,66.250000,66.250000,59.299999,61.070000,2889000,0.000000,0.000000,65.566827,65.566827,58.688495,60.440243,78.751793,70.304285,55.397467,,73.465656,74.021232,-0.555577,2.246985,-2.802562,34.919028,78.751793,92.150947,65.352639,-0.183310,5.473317,0.090558,-0.081240,-0.189892,-0.127722,0.272440,0.986057,,0.815006,-0.314153,-0.314153,1.649927,972895.000000,176431230.000000,0.318520
2026-03-23,62.400002,66.334999,61.840000,65.440002,1458100,0.000000,0.000000,61.756530,65.650950,61.202304,64.765182,78.091990,70.594017,55.742269,,72.127121,73.335598,-1.208477,1.555893,-2.764369,40.673796,78.091990,92.882426,63.301553,0.049479,5.454559,0.084221,0.071557,-0.145692,-0.115805,0.335063,1.063260,,0.830315,-0.265076,-0.265076,1.839548,991730.000000,95418066.916200,0.381120
2026-03-24,63.610001,66.550003,62.400002,66.419998,682200,0.000000,0.000000,62.954056,65.863741,61.756534,65.735077,77.413905,70.872705,56.102466,,71.143730,72.772595,-1.628866,0.918941,-2.547807,41.914228,77.413905,93.182906,61.644904,0.129690,5.358320,0.081514,0.014976,-0.158068,-0.156824,0.337725,0.947055,,0.795596,-0.254070,-0.254070,1.882072,989025.000000,45311722.635600,0.404044
2026-03-25,71.790001,73.000000,69.065002,71.489998,1283500,0.000000,0.000000,71.049702,72.247223,68.352804,70.752792,76.794234,71.172205,56.513527,,71.083586,72.622980,-1.539395,0.427274,-1.966669,47.974706,76.794234,92.588789,60.999679,0.308749,5.440736,0.076898,0.076332,-0.011750,-0.107747,0.397661,1.051522,,0.843120,-0.197131,-0.197131,2.102068,991595.000000,91757412.433000,0.461643
2026-03-26,68.239998,70.160004,66.120003,66.269997,600900,0.000000,0.000000,67.536303,69.436510,65.438169,65.586617,75.667316,71.356401,56.853286,,70.237898,72.101767,-1.863869,-0.030955,-1.832915,43.000144,75.667316,91.272974,60.061657,0.177018,5.431728,0.082818,-0.073017,-0.003009,-0.211189,0.285385,0.930864,,0.852662,-0.255755,-0.255755,1.875563,974740.000000,39821641.197300,0.376793
2026-03-27,66.410004,70.305000,66.110001,70.070000,779200,0.000000,0.000000,65.725181,69.580012,65.428272,69.347435,74.988178,71.594602,57.229279,,70.100904,71.897743,-1.796839,-0.384131,-1.412707,47.285351,74.988178,90.444507,59.531850,0.317526,5.340300,0.077008,0.057341,0.147372,-0.213079,0.364078,1.147107,,0.850088,-0.213079,-0.213079,2.040452,955435.000000,54598544.000000,0.476936
2026-03-30,71.589996,72.209999,69.330002,70.900002,1106100,0.000000,0.000000,70.851756,71.465365,68.615067,70.168877,74.169916,71.800721,57.607791,,70.111361,71.769678,-1.658317,-0.638969,-1.019348,48.201351,74.169916,88.761127,59.578704,0.362896,5.162442,0.073572,0.011845,0.083435,-0.153880,0.321769,1.062188,,0.833913,-0.203757,-0.203757,2.076467,948095.000000,78422492.212200,0.440382
2026-03-31,73.175003,81.680000,73.080002,81.599998,1216000,0.000000,0.000000,72.420421,80.837714,72.326399,80.758537,74.073117,72.233167,58.105554,,71.749388,72.435520,-0.686132,-0.648401,-0.037731,58.268718,74.073117,88.450331,59.695903,0.732501,5.555757,0.068795,0.150917,0.228546,-0.066744,0.656032,1.210120,,0.984648,-0.083591,-0.083591,2.540757,962600.000000,99225597.568000,0.736278
2026-04-01,84.500000,89.195000,83.699997,87.389999,2285900,0.000000,0.000000,83.628633,88.275218,82.836880,86.488831,74.165615,72.700480,58.638427,,74.016995,73.476507,0.540487,-0.410624,0.951111,62.514348,74.165615,88.849577,59.481653,0.919615,5.695823,0.065856,0.070956,0.222409,0.045884,0.732373,1.366941,,1.002240,-0.018566,-0.018566,2.791995,1048775.000000,199764798.714100,0.799760
2026-04-02,81.000000,88.699997,80.462997,87.690002,1227100,0.000000,0.000000,80.164729,87.785323,79.633264,86.785744,74.490964,73.149083,59.180750,,75.981418,74.462378,1.519040,-0.024691,1.543731,62.725952,74.490964,90.009842,58.972086,0.896123,5.871269,0.067652,0.003433,0.323223,0.025365,0.752975,1.388546,,0.999728,-0.015197,-0.015197,2.805012,1074050.000000,107604401.454200,0.811610
2026-04-06,87.739998,90.239998,87.000000,89.019997,779900,0.000000,0.000000,86.835221,89.309441,86.102854,88.102020,74.938591,73.549871,59.725041,,77.846126,75.472722,2.373404,0.454928,1.918475,63.704131,74.938591,91.504381,58.372801,0.897308,5.680934,0.064481,0.015167,0.270444,0.097451,0.794332,1.441268,,0.980366,-0.000261,-0.000261,2.862723,1090205.000000,69426695.660300,0.847668
2026-04-07,89.019997,91.230003,87.230003,88.790001,1198200,0.000000,0.000000,88.102021,90.289238,86.330486,87.874397,75.368946,73.965942,60.251344,,79.388937,76.391366,2.997571,0.963457,2.034114,63.394306,75.368946,92.831168,57.906723,0.858072,5.557921,0.063248,-0.002584,0.252327,0.110233,0.707074,1.476746,,0.978175,-0.002844,-0.002844,2.852743,1115500.000000,106388179.198200,0.765972
2026-04-08,95.849998,96.849998,93.279999,94.529999,1280500,0.000000,0.000000,94.861594,95.851282,92.318096,93.555206,75.873191,74.485220,60.842999,,81.568363,77.662762,3.905601,1.551885,2.353715,67.626080,75.873191,94.838183,56.908200,0.966175,5.730704,0.061255,0.064647,0.158456,0.180250,0.790448,1.602288,,0.998137,0.000000,0.000000,3.101811,1145550.000000,121045663.719500,0.829186
2026-04-09,96.500000,99.860001,94.800003,98.739998,818800,0.000000,0.000000,95.504888,98.830240,93.822421,97.721786,76.661972,75.079581,61.460607,,84.053505,79.148617,4.904888,2.222486,2.682402,70.334864,76.661972,97.870081,55.453864,0.996504,5.698156,0.058310,0.044536,0.129878,0.170737,0.942090,1.745177,,0.993929,0.000000,0.000000,3.284490,1163255.000000,80848310.362400,0.974393
2026-04-10,99.169998,103.410004,99.169998,101.970001,543200,0.000000,0.000000,98.147358,102.343641,98.147358,100.918488,77.743701,75.678563,62.122163,,86.648118,80.761201,5.886917,2.955372,2.931545,72.253095,77.743701,101.561318,53.926085,0.986505,5.621278,0.055701,0.032712,0.162846,0.231522,1.007187,1.717291,,0.991751,0.000000,0.000000,3.424645,1151965.000000,55390104.543200,1.031766
2026-04-13,100.000000,105.139999,98.760002,103.959999,885600,0.000000,0.000000,98.968799,104.055794,97.741588,102.887962,79.157718,76.269013,62.804395,,89.146555,82.400221,6.746334,3.713565,3.032770,73.394547,79.157718,105.423504,52.891932,0.951733,5.670773,0.055116,0.019515,0.167828,0.297716,0.986228,1.846333,,0.978761,0.000000,0.000000,3.510994,1168660.000000,92066975.114400,1.006827
2026-04-14,106.099998,109.269997,105.489998,108.650002,1529000,0.000000,0.000000,105.005895,108.143204,104.402184,107.529602,80.743693,77.168729,63.539525,,91.974716,84.261658,7.713059,4.513463,3.199595,75.909842,80.743693,109.836776,51.650610,0.960348,5.641092,0.052461,0.045114,0.223674,0.441268,0.927821,1.965075,,0.946475,0.000000,0.000000,3.714501,1188290.000000,166125853.058000,0.931816
2026-04-15,107.839996,108.959999,103.470001,105.010002,1162300,0.000000,0.000000,106.727951,107.836404,102.403019,103.927139,82.036226,78.043925,64.236274,,93.813551,85.718361,8.095190,5.229809,2.865381,70.350799,82.036226,112.874961,51.197491,0.854926,5.626256,0.054137,-0.033502,0.110864,0.370888,0.843438,1.781387,,0.963984,-0.033502,-0.033502,3.556555,1225355.000000,122053125.324600,0.830525
2026-04-16,105.959999,107.209999,104.790001,105.669998,705700,0.000000,0.000000,104.867340,106.104450,103.709407,104.580330,83.685541,78.864427,64.923941,,95.469978,87.115544,8.354434,5.854734,2.499700,70.768797,83.685541,115.679531,51.691551,0.826542,5.395455,0.051591,0.006285,0.070184,0.339460,0.820771,1.733494,,0.963436,-0.027428,-0.027428,3.585194,1213025.000000,74571317.588600,0.793890
2026-04-17,108.910004,110.320999,107.580002,109.139999,605000,0.000000,0.000000,107.786925,109.183371,106.470638,108.014549,85.797041,79.779145,65.661269,,97.399912,88.663619,8.736293,6.431046,2.305247,72.929660,85.797041,118.385253,53.208828,0.840883,5.338854,0.049427,0.032838,0.070315,0.508709,0.804365,1.756744,,0.894923,0.000000,0.000000,3.735763,1151810.000000,66029699.395000,0.764481
2026-04-20,108.139999,109.000000,103.599998,105.190002,609300,0.000000,0.000000,107.024854,107.875987,102.531670,104.105278,87.980292,80.629229,66.349488,,98.431507,89.807446,8.624061,6.869649,1.754412,66.869795,87.980292,119.239321,56.721264,0.757925,5.349141,0.051382,-0.036192,0.011831,0.582518,0.760431,1.652982,,0.842092,-0.036192,-0.036192,3.564366,1037825.000000,64092268.218600,0.722626
2026-04-21,104.239998,104.254997,96.684998,97.120003,738800,0.000000,0.000000,103.165073,103.179918,95.687980,96.118500,89.547958,81.255551,66.945171,,98.075660,90.274932,7.800728,7.055864,0.744863,56.534300,89.547958,118.997255,60.098661,0.611557,5.568295,0.057932,-0.076718,-0.106121,0.590306,0.522713,1.669940,,0.835129,-0.110134,-0.110134,3.214195,1001860.000000,71752258.216400,0.465833
2026-04-22,101.959999,102.959999,96.930000,97.919998,791000,0.000000,0.000000,100.908588,101.898276,95.930459,96.910248,91.106717,81.760031,67.548281,,97.896366,90.766437,7.129929,7.070677,0.059251,57.239871,91.106717,118.475718,63.737716,0.606024,5.596833,0.057753,0.008237,-0.067517,0.496333,0.505856,1.627430,,0.817968,-0.102804,-0.102804,3.248909,1007300.000000,77454718.418000,0.444165
2026-04-23,95.940002,97.699997,87.180000,88.500000,1113600,0.000000,0.000000,94.950668,96.692514,86.280999,87.587387,91.948447,82.078643,68.039995,,96.310369,90.530952,5.779417,6.812425,-1.033008,47.468675,91.948447,117.667491,66.229402,0.415217,5.956291,0.068004,-0.096201,-0.162487,0.332430,0.286864,1.666444,,0.912789,-0.189115,-0.189115,2.840159,998805.000000,98553600.000000,0.244089
2026-04-24,89.540001,91.138000,85.400002,90.309998,702500,0.000000,0.000000,88.616659,90.198180,84.519352,89.378716,93.138052,82.388106,68.539999,,95.243961,90.445601,4.798360,6.409612,-1.611252,49.260941,93.138052,115.734433,70.541670,0.416816,5.936472,0.066419,0.020452,-0.172531,0.263254,0.332602,1.763106,,0.885853,-0.172531,-0.172531,2.918698,1003885.000000,63442773.595000,0.275781
2026-04-27,89.650002,89.650002,86.355003,87.949997,597400,0.000000,0.000000,88.725527,88.725527,85.464507,87.043053,94.022833,82.775177,69.015664,,93.982283,90.193560,3.788722,5.885434,-2.096712,47.008864,94.022833,113.921692,74.123973,0.324619,5.792025,0.066542,-0.026132,-0.163894,0.327147,0.287785,1.650665,,0.842550,-0.194154,-0.194154,2.816294,994795.000000,52541328.207800,0.233308
2026-04-28,84.879997,85.239998,82.059998,83.610001,737700,0.000000,0.000000,84.004711,84.360999,81.213791,82.747810,94.651779,83.008978,69.452305,,92.253902,89.642023,2.611879,5.230723,-2.618844,43.106024,94.651779,112.008928,77.294630,0.157087,5.794685,0.070028,-0.049346,-0.139106,0.193235,0.216813,1.524394,,0.855770,-0.233920,-0.233920,2.627974,976375.000000,61679097.737700,0.181263
2026-04-29,81.910004,82.610001,78.800003,81.430000,790800,0.000000,0.000000,81.065347,81.758126,77.987417,80.590294,94.643367,83.301757,69.848123,,90.459501,88.971524,1.487977,4.482174,-2.994197,41.253301,94.643367,112.029006,77.257728,0.095843,5.720807,0.070986,-0.026073,-0.168403,0.148519,0.135564,1.661065,,0.864668,-0.253894,-0.253894,2.533381,955115.000000,64394844.000000,0.101370
2026-04-30,85.110001,85.820000,83.334999,84.769997,595500,0.000000,0.000000,84.232341,84.935019,82.475644,83.895844,94.513718,83.629027,70.278470,50.832124,89.449708,88.595548,0.854160,3.756571,-2.902411,45.143527,94.513718,112.191618,76.835817,0.199685,5.622515,0.067018,0.041017,-0.042147,0.038848,0.143533,1.823310,,0.704833,-0.223291,-0.223291,2.678308,870595.000000,50480533.213500,0.092565
2026-05-01,84.639999,84.639999,81.595001,82.160004,516300,0.000000,0.000000,83.767189,83.767189,80.753591,81.312767,94.240069,83.869479,70.686816,51.121007,88.197871,88.056083,0.141788,3.033614,-2.891826,42.760586,94.240069,112.578752,75.901386,0.147540,5.445353,0.066968,-0.030789,-0.090245,-0.059847,0.300093,1.742727,,0.667971,-0.247205,-0.247205,2.565057,835055.000000,42419210.065200,0.229655
2026-05-04,81.239998,83.120003,80.579002,81.699997,654200,0.000000,0.000000,80.402250,82.262868,79.748071,80.857506,93.877843,84.021677,71.098858,51.411253,87.068584,87.522855,-0.454271,2.336037,-2.790308,42.336416,93.877843,112.996601,74.759085,0.159488,5.236028,0.064756,-0.005599,-0.071063,-0.068309,0.343877,1.557917,,0.667765,-0.251420,-0.251420,2.545096,828770.000000,53448138.037400,0.281327
2026-05-05,83.459999,84.120003,80.570000,80.699997,528500,0.000000,0.000000,82.599354,83.252552,79.739156,79.867813,93.477514,84.059808,71.470856,51.694124,85.960773,86.955814,-0.995042,1.669822,-2.664863,41.375546,93.477514,113.442152,73.512876,0.159155,5.112983,0.064018,-0.012240,-0.034805,-0.093462,0.256667,1.515667,,0.665371,-0.260583,-0.260583,2.501704,795285.000000,42649948.414500,0.167614
2026-05-06,85.820000,89.989998,84.699997,89.699997,758500,0.000000,0.000000,84.935022,89.062020,83.826569,88.775009,93.238504,84.249373,71.934871,52.017309,86.393732,87.090570,-0.696837,1.196490,-1.893327,51.946232,93.238504,113.313375,73.163633,0.388829,5.404499,0.060879,0.111524,0.101560,0.010249,0.425448,1.746944,,0.776205,-0.178120,-0.178120,2.892229,769185.000000,68037447.724500,0.297336
2026-05-07,90.375000,92.889999,80.540001,81.070000,1175700,0.000000,0.000000,89.443048,91.932112,79.709468,80.234001,92.364115,84.191128,72.296095,52.295800,85.446081,86.582676,-1.136594,0.729873,-1.866467,43.792176,92.364115,113.128347,71.599883,0.207908,5.891509,0.073429,-0.096210,-0.043647,-0.142389,0.302477,1.589680,,0.810876,-0.257193,-0.257193,2.517759,787030.000000,95313999.000000,0.157601
2026-05-08,83.870003,84.860001,81.339996,82.110001,671600,0.000000,0.000000,83.005136,83.984925,80.501219,81.263283,91.381355,84.053894,72.651213,52.580116,84.802574,86.188646,-1.386073,0.306684,-1.692756,44.914370,91.381355,112.300815,70.461894,0.258166,5.738610,0.070618,0.012829,-0.000609,-0.168422,0.254017,1.447576,,0.793205,-0.247664,-0.247664,2.562887,793450.000000,55145076.671600,0.114386
2026-05-11,83.260002,85.720001,79.730003,81.059998,957800,0.000000,0.000000,82.401424,84.836055,78.907827,80.224106,90.248162,83.999773,72.994073,52.860790,84.098194,85.746829,-1.648634,-0.084380,-1.564255,43.960103,90.248162,110.997862,69.498462,0.258453,5.752154,0.071701,-0.012788,-0.007834,-0.205060,0.119100,1.464384,,0.779652,-0.257284,-0.257284,2.517326,797060.000000,77639266.084400,-0.011521
2026-05-12,80.330002,85.110001,79.570000,83.720001,901300,0.000000,0.000000,79.501640,84.232348,78.749475,82.856682,89.014516,83.926224,73.365517,53.152588,83.907192,85.532744,-1.625551,-0.392614,-1.232937,47.030445,89.014516,108.321787,69.707245,0.340531,5.732920,0.069191,0.032815,0.037423,-0.194690,0.156299,1.460634,,0.787258,-0.232912,-0.232912,2.632748,765675.000000,75456836.901300,0.027061
2026-05-13,82.930000,83.610001,79.129997,79.260002,733600,0.000000,0.000000,82.074826,82.747814,78.314008,78.442673,87.740292,83.841187,73.674949,53.427509,83.066497,85.007553,-1.941056,-0.702303,-1.238754,42.796594,87.740292,106.250975,69.229610,0.248858,5.647902,0.072000,-0.053273,-0.116388,-0.270502,0.061391,1.225697,,0.775610,-0.273777,-0.273777,2.439221,744240.000000,58145137.467200,-0.083229
2026-05-14,79.260002,81.394997,78.004997,79.989998,627400,0.000000,0.000000,78.442670,80.555649,77.200607,79.165138,86.469533,83.731713,73.981490,53.705945,82.466288,84.574782,-2.108494,-0.983541,-1.124953,43.690124,86.469533,103.546543,69.392522,0.286134,5.484127,0.069275,0.009210,-0.013322,-0.238263,0.169534,1.301997,,0.776027,-0.267088,-0.267088,2.470897,740325.000000,50185724.745200,-0.009165
2026-05-15,75.690002,77.089996,74.000000,76.419998,1410100,0.000000,0.000000,74.909482,76.295039,73.236907,75.631950,84.850403,83.638776,74.246415,53.969141,81.414851,83.912350,-2.497498,-1.286332,-1.211166,40.369107,84.850403,99.258363,70.442443,0.180092,5.515848,0.072930,-0.044631,-0.069297,-0.276805,0.064373,1.103168,,0.781160,-0.299798,-0.299798,2.315988,780580.000000,107759839.179800,-0.098776
2026-05-18,76.750000,79.080002,74.800003,75.639999,565300,0.000000,0.000000,75.958555,78.264530,74.028666,74.860001,83.388139,83.552987,74.488793,54.225178,80.406413,83.241805,-2.835392,-1.596144,-1.239248,39.659782,83.388139,95.285443,71.490835,0.141594,5.424421,0.072461,-0.010207,-0.066864,-0.306945,0.135079,1.153444,,0.762542,-0.306945,-0.306945,2.282143,778380.000000,42759291.434700,-0.020483
2026-05-19,72.910004,73.635002,71.035004,71.459999,649000,0.780000,0.000000,72.910004,73.635002,71.035004,71.459999,82.155214,83.396841,74.693144,54.464457,79.030041,82.369079,-3.339037,-1.944723,-1.394314,36.608692,82.155214,93.599902,70.710526,0.032743,5.310176,0.074310,-0.045418,-0.137547,-0.313579,0.058159,1.061462,,0.766249,-0.338422,-0.338422,2.133074,773890.000000,46377539.351000,-0.078833
2026-05-20,73.209999,75.769997,71.705002,74.949997,419600,0.000000,0.000000,73.209999,75.769997,71.705002,74.949997,81.057201,83.226435,74.934260,54.718736,78.402342,81.819517,-3.417175,-2.239213,-1.177962,41.577114,81.057201,90.596601,71.517802,0.179896,5.238735,0.069896,0.048838,-0.044525,-0.220233,0.081683,1.203336,,0.765662,-0.306112,-0.306112,2.286089,755320.000000,31449018.741200,-0.076482
2026-05-21,73.339996,76.750000,72.845001,75.300003,449300,0.000000,0.000000,73.339996,76.750000,72.845001,75.300003,80.442832,83.093511,75.156389,54.975323,77.925059,81.336590,-3.411531,-2.473677,-0.937854,42.067509,80.442832,89.792233,71.093431,0.224965,5.143468,0.068306,0.004670,-0.048824,-0.222992,0.028020,1.198394,,0.764651,-0.302872,-0.302872,2.301435,722105.000000,33832291.347900,-0.120849
2026-05-22,74.599998,75.269997,72.120003,72.580002,456100,0.000000,0.000000,74.599998,75.269997,72.120003,72.580002,79.602897,82.959433,75.394527,55.216417,77.102743,80.687954,-3.585211,-2.695984,-0.889227,39.306275,79.602897,88.583201,70.622592,0.108984,5.003220,0.068934,-0.036122,-0.040353,-0.171342,-0.069025,1.026601,,0.706232,-0.328053,-0.328053,2.182179,709785.000000,33103738.912200,-0.233282
2026-05-26,74.760002,76.000000,73.605003,75.639999,636400,0.000000,0.000000,74.760002,76.000000,73.605003,75.639999,79.032744,82.980081,75.651676,55.470676,76.877705,80.314031,-3.436326,-2.844052,-0.592274,43.777277,79.032744,87.454708,70.610779,0.298578,4.890133,0.064650,0.042160,0.010419,-0.153714,-0.046115,1.206423,,0.721089,-0.299724,-0.299724,2.316341,711735.000000,48137295.363600,-0.211989
2026-05-27,74.000000,76.000000,73.199997,74.760002,580300,0.000000,0.000000,74.000000,76.000000,73.199997,74.760002,78.633353,82.959079,75.904199,55.717089,76.551905,79.902622,-3.350717,-2.945385,-0.405332,42.800809,78.633353,87.071106,70.195601,0.270475,4.740838,0.063414,-0.011634,0.046180,-0.141115,-0.100861,1.118845,,0.717969,-0.307871,-0.307871,2.277759,703865.000000,43383229.160600,-0.253014
2026-05-28,74.089996,77.968002,73.199997,75.879997,615300,0.000000,0.000000,74.089996,77.968002,73.199997,75.879997,78.397839,82.915149,76.171997,55.966191,76.448534,79.604649,-3.156115,-2.987531,-0.168584,44.497646,78.397839,86.868487,69.927191,0.351378,4.742779,0.062504,0.014981,0.012408,-0.082997,-0.138950,1.076051,,0.703759,-0.297502,-0.297502,2.326864,695090.000000,46688962.154100,-0.315496
2026-05-29,74.849998,78.657997,74.180000,77.269997,5244300,0.000000,0.000000,74.849998,78.657997,74.180000,77.269997,78.066546,83.028669,76.429931,56.221611,76.574913,79.431712,-2.856799,-2.961385,0.104586,46.614341,78.066546,86.140811,69.992282,0.450674,4.723866,0.061135,0.018318,0.026162,-0.041200,-0.068252,1.111244,,0.702369,-0.284633,-0.284633,2.387806,927530.000000,405227045.267100,-0.258140
2026-06-01,74.589996,76.346001,72.190002,72.300003,789500,0.000000,0.000000,74.589996,76.346001,72.190002,72.300003,77.615908,83.158977,76.630407,56.454123,75.917235,78.903437,-2.986203,-2.966348,-0.019854,40.645559,77.615908,85.929801,69.302015,0.180300,4.749303,0.065689,-0.064320,-0.003858,-0.138217,-0.164492,0.882030,,0.717456,-0.330646,-0.330646,2.169903,941190.000000,57080852.368500,-0.355180
2026-06-02,72.410004,72.839996,67.089996,68.040001,933100,0.000000,0.000000,72.410004,72.839996,67.089996,68.040001,76.975033,83.310973,76.807629,56.658250,74.705353,78.098738,-3.393386,-3.051756,-0.341630,36.349209,76.975033,86.166556,67.783509,0.013953,4.820782,0.070852,-0.058921,-0.100476,-0.163231,-0.177213,0.727854,,0.736037,-0.370085,-0.370085,1.983129,955135.000000,63488124.933100,-0.380493
2026-06-03,67.000000,68.239998,63.720001,64.230003,1079800,0.000000,0.000000,67.000000,68.239998,63.720001,64.230003,76.193142,83.300269,76.947143,56.841920,73.093760,77.071425,-3.977664,-3.236937,-0.740727,32.990480,76.193142,86.886377,65.499908,-0.059379,4.799297,0.074720,-0.055996,-0.140851,-0.205640,-0.241129,0.627043,,0.754920,-0.405358,-0.405358,1.816084,982700.000000,69355557.239400,-0.418549
2026-06-04,65.779999,68.500000,65.290001,66.860001,565000,0.000000,0.000000,65.779999,68.500000,65.290001,66.860001,75.097392,83.322768,77.097736,57.036972,72.134720,76.315023,-4.180302,-3.425610,-0.754692,37.297530,75.097392,84.808274,65.386510,0.075868,4.761490,0.071216,0.040947,-0.118872,-0.162867,-0.167152,0.710686,,0.774996,-0.381009,-0.381009,1.931393,973025.000000,37775900.565000,-0.346587
2026-06-05,64.449997,64.620003,60.160000,60.400002,827000,0.000000,0.000000,64.449997,64.620003,60.160000,60.400002,74.105692,83.115712,77.143958,57.205223,70.329379,75.136132,-4.806753,-3.701839,-1.104914,31.877631,74.105692,85.511046,62.700338,-0.100845,4.899955,0.081125,-0.096620,-0.218325,-0.319628,-0.236887,0.472867,,0.705170,-0.440816,-0.440816,1.648163,955590.000000,49950801.654000,-0.385261
2026-06-08,61.209999,61.380001,58.080002,58.680000,815400,0.000000,0.000000,61.209999,61.380001,58.080002,58.680000,72.976528,82.977579,77.166990,57.363499,68.537167,73.917160,-5.379993,-4.037470,-1.342523,30.602516,72.976528,85.783685,60.169370,-0.058146,4.785672,0.081555,-0.028477,-0.188382,-0.268639,-0.259720,0.436083,,0.646121,-0.456740,-0.456740,1.572751,962780.000000,47847672.000000,-0.402200
2026-06-09,59.689999,59.750000,54.639999,57.049999,792800,0.000000,0.000000,59.689999,59.750000,54.639999,57.049999,71.817822,82.731631,77.163116,57.512644,66.769910,72.667740,-5.897830,-4.409542,-1.488288,29.402223,71.817822,85.985135,57.650510,-0.021194,4.808839,0.084292,-0.027778,-0.161523,-0.297961,-0.316523,0.409401,,0.640174,-0.471830,-0.471830,1.501286,954530.000000,45229239.207200,-0.447893
2026-06-10,55.099998,56.485001,53.200001,53.299999,724000,0.000000,0.000000,55.099998,56.485001,53.200001,53.299999,70.339988,82.394253,77.097487,57.640828,64.697616,71.233093,-6.535476,-4.834729,-1.700748,26.798097,70.339988,85.769004,54.910972,-0.052206,4.740350,0.088937,-0.065732,-0.170170,-0.335611,-0.349573,0.344151,,0.662787,-0.506548,-0.506548,1.336872,945665.000000,38589199.276000,-0.457574
2026-06-11,53.709999,57.290001,52.855000,56.580002,1435300,0.000000,0.000000,53.709999,57.290001,52.855000,56.580002,69.246855,81.910682,77.071925,57.788752,63.448753,70.147679,-6.698926,-5.207568,-1.491358,32.434889,69.246855,85.342254,53.151455,0.106507,4.718540,0.083396,0.061539,-0.153754,-0.317134,-0.286362,0.326051,,0.697341,-0.476182,-0.476182,1.480679,980750.000000,81209276.870600,-0.443124
2026-06-12,57.950001,61.380001,57.000000,60.889999,884000,0.000000,0.000000,57.950001,61.380001,57.000000,60.889999,68.333098,81.398706,77.049593,57.953856,63.055098,69.461925,-6.406826,-5.447420,-0.959407,39.073860,68.333098,84.129897,52.536299,0.264411,4.724358,0.077588,0.076175,0.008113,-0.223764,-0.183864,0.436985,,0.754499,-0.436280,-0.436280,1.669646,993580.000000,53826759.116000,-0.355020
2026-06-15,65.949997,69.989998,65.769997,66.180000,1337700,0.000000,0.000000,65.949997,69.989998,65.769997,66.180000,67.860500,80.986591,77.067837,58.144182,63.535852,69.218819,-5.682967,-5.494529,-0.188438,46.077328,67.860500,83.299380,52.421621,0.445576,5.036904,0.076109,0.086878,0.127812,-0.164026,-0.127029,0.500286,,0.825244,-0.387305,-0.387305,1.901579,989960.000000,88528986.000000,-0.319651
2026-06-16,67.114998,69.309998,66.250000,66.370003,890000,0.000000,0.000000,67.114998,69.309998,66.250000,66.370003,67.436000,80.551951,77.050911,58.336489,63.971875,69.007796,-5.035920,-5.402807,0.366887,46.316023,67.436000,82.527509,52.344492,0.464682,4.900696,0.073839,0.002871,0.163366,-0.122461,-0.149936,0.450662,,0.814436,-0.385546,-0.385546,1.909910,1006195.000000,59069302.670000,-0.323285
2026-06-17,66.430000,71.040001,65.790001,65.980003,1304600,0.000000,0.000000,66.430000,71.040001,65.790001,65.980003,67.162001,80.114063,77.040002,58.522968,64.280818,68.783515,-4.502696,-5.222785,0.720089,45.867212,67.162001,82.144486,52.179515,0.460554,4.925647,0.074654,-0.005876,0.237899,-0.118621,-0.078415,0.436280,,0.814222,-0.389156,-0.389156,1.892811,1038975.000000,86077511.913800,-0.253079
2026-06-18,64.739998,67.015999,61.990002,63.540001,2932000,0.000000,0.000000,64.739998,67.015999,61.990002,63.540001,66.591501,79.513759,76.999489,58.691256,64.166846,68.395106,-4.228260,-5.023880,0.795620,43.056107,66.591501,81.189354,51.993648,0.395481,4.932814,0.077633,-0.036981,0.123012,-0.110831,-0.034120,0.389999,,0.809421,-0.411746,-0.411746,1.785832,1164595.000000,186299282.932000,-0.234532
2026-06-22,63.900002,65.349998,62.880001,65.260002,602900,0.000000,0.000000,63.900002,65.349998,62.880001,65.260002,66.089501,78.864523,76.972052,58.865345,64.335024,68.162876,-3.827852,-4.784675,0.956822,45.587706,66.089501,80.105334,52.073667,0.470409,4.756899,0.072891,0.027070,0.071769,-0.129286,0.079744,0.373909,,0.794782,-0.395822,-0.395822,1.861243,1172275.000000,39345255.205800,-0.129008
2026-06-23,61.660000,63.080002,60.700001,61.500000,601600,0.000000,0.000000,61.660000,63.080002,60.700001,61.500000,65.535501,78.076153,76.877358,59.023237,63.898867,67.669330,-3.770463,-4.581832,0.811369,41.268441,65.535501,79.345532,51.725469,0.353892,4.742835,0.077119,-0.057616,-0.070716,-0.183267,-0.050416,0.267755,,0.813921,-0.430632,-0.430632,1.696391,1179550.000000,36998400.000000,-0.216284
2026-06-24,59.259998,59.849998,56.945000,57.889999,1388400,0.000000,0.000000,59.259998,59.849998,56.945000,57.889999,64.648001,77.176194,76.722604,59.155960,62.974425,66.944935,-3.970510,-4.459568,0.489058,37.586336,64.648001,77.997594,51.298407,0.246884,4.729418,0.081697,-0.058699,-0.127769,-0.202397,-0.119344,0.178076,,0.827279,-0.464054,-0.464054,1.538115,1217150.000000,80374474.611600,-0.290044
2026-06-25,59.709999,61.794998,57.834999,61.130001,1111100,0.000000,0.000000,59.709999,61.794998,57.834999,61.130001,63.966501,76.248202,76.708466,59.306207,62.690668,66.514199,-3.823531,-4.332360,0.508829,42.541468,63.966501,76.509817,51.423184,0.386932,4.674459,0.076468,0.055968,-0.073507,-0.191830,-0.136006,0.207571,,0.839419,-0.434058,-0.434058,1.680168,1243690.000000,67921544.111100,-0.292358
2026-06-26,61.860001,65.894997,61.610001,64.080002,3712800,0.000000,0.000000,61.860001,65.894997,61.610001,64.080002,63.376501,75.451259,76.747592,59.469831,62.904412,66.333888,-3.429477,-4.151784,0.722307,46.691341,63.376501,74.601095,52.151907,0.531337,4.680926,0.073048,0.048258,0.008499,-0.142857,-0.022971,0.255858,,0.862164,-0.406747,-0.406747,1.809508,1398565.000000,237916231.425600,-0.204657
2026-06-29,62.520000,63.689999,60.584999,63.650002,848000,0.000000,0.000000,62.520000,63.689999,60.584999,63.650002,62.695501,74.632653,76.748540,59.627229,63.019118,66.135082,-3.115964,-3.944620,0.828656,46.167920,62.695501,71.828784,53.562218,0.552254,4.596218,0.072211,-0.006710,-0.024671,-0.161175,-0.082158,0.252009,,0.858811,-0.410728,-0.410728,1.790655,1178750.000000,53975201.696000,-0.314719
2026-06-30,63.099998,63.320000,59.995998,62.950001,716400,0.000000,0.000000,63.099998,63.320000,59.995998,62.950001,62.228001,73.731362,76.755253,59.786822,63.008484,65.899150,-2.890666,-3.733829,0.843163,45.278067,62.228001,70.170919,54.285083,0.545449,4.528917,0.071945,-0.010998,0.023577,-0.185324,-0.102879,0.185787,,0.853939,-0.417208,-0.417208,1.759964,1175095.000000,45097380.716400,-0.363478
2026-07-01,62.950001,65.153000,60.459999,60.500000,978600,0.000000,0.000000,62.950001,65.153000,60.459999,60.500000,61.851001,72.859256,76.744242,59.932815,62.622564,65.499213,-2.876649,-3.562393,0.685744,42.211445,61.851001,69.334897,54.367105,0.409739,4.540637,0.075052,-0.038920,0.045086,-0.163209,-0.250853,0.240611,,0.837328,-0.439890,-0.439890,1.652547,1177370.000000,59205300.000000,-0.456933
2026-07-02,63.849998,65.489998,62.799999,65.459999,1380400,0.000000,0.000000,63.849998,65.489998,62.799999,65.459999,61.912501,72.246086,76.750818,60.102602,63.059092,65.496308,-2.437216,-3.337358,0.900142,49.646766,61.912501,69.498233,54.326768,0.733827,4.572734,0.069855,0.081983,0.070833,-0.037919,-0.243139,0.311165,,0.869165,-0.393971,-0.393971,1.870012,1192400.000000,90360982.619600,-0.425902
2026-07-06,66.610001,68.010002,64.811996,67.730003,1139200,0.000000,0.000000,66.610001,68.010002,64.811996,67.730003,61.956001,71.662481,76.711256,60.284573,63.777694,65.661767,-1.884073,-3.046701,1.162628,52.649470,61.956001,69.670084,54.241918,0.874251,4.474539,0.066064,0.034678,0.056960,0.054492,-0.219572,0.368070,,0.852706,-0.372955,-0.372955,1.969537,1221110.000000,77158019.417600,-0.413454
2026-07-07,67.620003,67.620003,61.959999,63.369999,1783900,0.000000,0.000000,67.620003,67.620003,61.959999,63.369999,62.104501,71.178133,76.628388,60.445334,63.714972,65.492006,-1.777035,-2.792768,1.015733,46.868377,62.104501,69.806801,54.402200,0.582151,4.567072,0.072070,-0.064373,-0.004399,-0.052199,-0.280720,0.290627,,0.872868,-0.413320,-0.413320,1.778378,1268955.000000,113045741.216100,-0.454492
2026-07-08,60.290001,62.806999,58.119999,59.820000,1023700,0.000000,0.000000,60.290001,62.806999,58.119999,59.820000,62.161501,70.586959,76.487533,60.592272,63.115745,65.071858,-1.956113,-2.625437,0.669324,42.752145,62.161501,69.773438,54.549563,0.346195,4.615853,0.077162,-0.056020,-0.049722,-0.009603,-0.319256,0.162081,,0.827021,-0.446186,-0.446186,1.622733,1279370.000000,61237734.000000,-0.494241
2026-07-09,61.900002,63.669998,60.764999,63.369999,850000,0.000000,0.000000,61.900002,63.669998,60.764999,63.369999,62.477501,70.113498,76.444338,60.752174,63.154861,64.945794,-1.790933,-2.458536,0.667603,47.698848,62.477501,69.711317,55.243684,0.561689,4.561149,0.071976,0.059345,0.047438,0.079925,-0.322646,0.212767,,0.843609,-0.413320,-0.413320,1.778378,1282230.000000,53864499.150000,-0.480450
2026-07-10,63.160000,64.541000,60.639999,60.810001,786000,0.000000,0.000000,63.160000,64.541000,60.639999,60.810001,62.853001,69.674742,76.341860,60.887417,62.794113,64.639439,-1.845326,-2.335894,0.490568,44.699315,62.853001,68.734148,56.971854,0.326309,4.513996,0.074231,-0.040398,-0.071036,0.065907,-0.377723,0.208517,,0.850889,-0.437020,-0.437020,1.666138,1285330.000000,47796660.786000,-0.529293
2026-07-13,59.200001,59.570000,52.250000,53.509998,1345100,0.000000,0.000000,59.200001,59.570000,52.250000,53.509998,62.699501,69.133136,76.217446,60.982528,61.365788,63.815036,-2.449248,-2.358565,-0.090683,37.464412,62.699501,69.376443,56.022558,-0.188152,4.802996,0.089759,-0.120046,-0.209951,0.003940,-0.469770,0.064270,,0.924881,-0.504604,-0.504604,1.346079,1280820.000000,71976298.309800,-0.599461
2026-07-14,56.049999,59.220001,55.799999,57.070000,1018700,0.000000,0.000000,56.049999,59.220001,55.799999,57.070000,62.508501,68.596619,76.112823,61.098040,60.704898,63.315404,-2.610506,-2.408953,-0.201553,42.363771,62.508501,69.608535,55.408467,0.117009,4.867782,0.085295,0.066530,-0.099416,0.008660,-0.445319,0.101723,,0.929094,-0.471645,-0.471645,1.502163,1287555.000000,58137209.000000,-0.571410
2026-07-15,56.410000,57.480000,54.110001,54.910000,772000,0.000000,0.000000,56.410000,57.480000,54.110001,54.910000,61.945001,68.068564,75.969021,61.211100,59.813375,62.692781,-2.879406,-2.503044,-0.376363,40.300706,61.945001,69.586390,54.303611,0.039678,4.760798,0.086702,-0.037848,-0.082080,-0.098210,-0.489350,-0.015558,,0.897915,-0.491643,-0.491643,1.407460,1259270.000000,42390520.000000,-0.600613
2026-07-16,52.790001,53.020000,49.834999,50.259998,1258900,0.000000,0.000000,52.790001,53.020000,49.834999,50.259998,61.139500,67.456613,75.739145,61.292268,58.343625,61.771834,-3.428210,-2.688077,-0.740133,36.212262,61.139500,70.099511,52.179490,-0.107114,4.783241,0.095170,-0.084684,-0.206880,-0.240556,-0.516392,-0.108499,,0.877069,-0.534692,-0.534692,1.203587,1277715.000000,63272311.482200,-0.594087
2026-07-17,49.799999,51.299999,48.049999,50.220001,801200,0.000000,0.000000,49.799999,51.299999,48.049999,50.220001,60.351500,66.863657,75.461733,61.360666,57.093836,60.916143,-3.822307,-2.914923,-0.907384,36.178265,60.351500,70.242747,50.460254,-0.012145,4.673724,0.093065,-0.000796,-0.174149,-0.243333,-0.519795,-0.125656,1.133735,0.876402,-0.535063,-0.535063,1.201833,1252545.000000,40236264.801200,-0.578608
2026-07-20,49.950001,50.840000,49.494999,50.070000,652100,0.000000,0.000000,49.950001,50.840000,49.494999,50.070000,59.678000,66.089557,75.169465,61.428314,56.013246,60.112725,-4.099479,-3.151834,-0.947645,36.041601,59.678000,70.450238,48.905762,0.054039,4.435958,0.088595,-0.002987,-0.064287,-0.241134,-0.536451,-0.163589,1.195257,0.876702,-0.536451,-0.536451,1.177650,1138550.000000,32650647.000000,-0.578938
2026-07-21,51.529999,55.000000,51.529999,54.830002,770300,0.000000,0.000000,51.529999,55.000000,51.529999,54.830002,59.156500,65.581477,74.886303,61.520793,55.831209,59.721412,-3.890204,-3.299508,-0.590696,43.354168,59.156500,69.800009,48.512991,0.296754,4.471246,0.081547,0.095067,-0.039250,-0.137079,-0.473322,-0.072819,1.353871,0.945162,-0.492383,-0.492383,1.384672,1146920.000000,42235550.540600,-0.532033
2026-07-22,56.000000,58.053001,55.660000,55.889999,579500,0.000000,0.000000,56.000000,58.053001,55.660000,55.889999,58.876000,65.074011,74.563953,61.619800,55.840253,59.437604,-3.597351,-3.359076,-0.238274,44.865899,58.876000,69.555097,48.196903,0.360194,4.382086,0.078406,0.019332,0.017847,-0.143580,-0.418530,-0.114588,1.315442,0.942199,-0.482570,-0.482570,1.430774,1145815.000000,32388254.420500,-0.477514
2026-07-23,53.389999,55.259998,53.180000,55.099998,538100,0.000000,0.000000,53.389999,55.259998,53.180000,55.099998,58.736500,64.571529,74.285651,61.717901,55.726368,59.116300,-3.389932,-3.365248,-0.024684,43.925036,58.736500,69.541972,47.931028,0.331729,4.262651,0.077362,-0.014135,0.096299,-0.104065,-0.431433,-0.143820,1.245691,0.923851,-0.489884,-0.489884,1.396415,1103300.000000,29649308.923800,-0.450904
2026-07-24,55.750000,56.314999,54.169998,54.810001,508400,0.000000,0.000000,55.750000,56.314999,54.169998,54.810001,58.420500,64.010596,73.968410,61.812196,55.585388,58.797315,-3.211926,-3.334583,0.122657,43.563886,58.420500,69.300641,47.540359,0.334078,4.111390,0.075012,-0.005263,0.091398,-0.053204,-0.374225,-0.194713,1.246312,0.901976,-0.492568,-0.492568,1.383803,1073165.000000,27865404.508400,-0.396212
2026-07-27,54.810001,56.099998,53.744999,55.779999,494600,0.000000,0.000000,54.810001,56.099998,53.744999,55.779999,58.005500,63.557342,73.699265,61.913108,55.615328,58.573810,-2.958481,-3.259363,0.300882,45.187261,58.005500,68.606302,47.404698,0.395031,3.985934,0.071458,0.017697,0.114040,-0.087518,-0.375914,-0.168342,1.315540,0.880993,-0.483588,-0.483588,1.425990,912255.000000,27588787.505400,-0.379758
2026-07-28,54.619999,55.509998,52.810001,55.049999,584300,0.000000,0.000000,54.619999,55.509998,52.810001,55.049999,57.575500,63.075039,73.403376,62.002661,55.528355,58.312787,-2.784432,-3.164377,0.379945,44.157809,57.575500,67.906520,47.244480,0.377771,3.913367,0.071088,-0.013087,0.004012,-0.140918,-0.367554,-0.185546,1.247210,0.861550,-0.490346,-0.490346,1.394241,899070.000000,32165714.415700,-0.367145
2026-07-29,54.650002,56.485001,53.009998,54.500000,567400,0.000000,0.000000,54.650002,56.485001,53.009998,54.500000,57.153000,62.652400,73.145588,62.094423,55.370146,58.030358,-2.660212,-3.063544,0.403332,43.356377,57.153000,67.246986,47.059013,0.368585,3.882055,0.071230,-0.009991,-0.024870,-0.143755,-0.341372,-0.198573,1.323247,0.861669,-0.495438,-0.495438,1.370320,891620.000000,30923300.000000,-0.332417
2026-07-30,56.349998,58.080002,55.950001,56.950001,823900,0.000000,0.000000,56.349998,58.080002,55.950001,56.950001,56.975500,62.294200,72.923594,62.197846,55.613201,57.950332,-2.337131,-2.918261,0.581130,47.893111,56.975500,66.945765,47.005235,0.498721,3.860480,0.067787,0.044954,0.033575,-0.095314,-0.293339,-0.197541,1.425679,0.879159,-0.472756,-0.472756,1.476876,883885.000000,46921105.823900,-0.311535
2026-07-31,55.250000,55.450001,53.855000,54.570000,887500,0.000000,0.000000,55.250000,55.450001,53.855000,54.570000,56.431000,61.956400,72.676620,62.283870,55.452708,57.699937,-2.247228,-2.784055,0.536826,44.190432,56.431000,65.608197,47.253803,0.398607,3.805803,0.069742,-0.041791,-0.004379,-0.098017,-0.349551,-0.256190,1.373364,0.880680,-0.494790,-0.494790,1.311884,859240.000000,48430875.000000,-0.368896
2026-08-03,54.900002,56.669998,53.490002,56.610001,766900,0.000000,0.000000,54.900002,56.669998,53.490002,56.610001,55.875000,61.589600,72.408018,62.375626,55.630753,57.619201,-1.988447,-2.624933,0.636486,47.907944,55.875000,63.361567,48.388432,0.549088,3.761102,0.066439,0.037383,0.014880,-0.135197,-0.303799,-0.094874,1.393389,0.838737,-0.475904,-0.475904,1.398309,840625.000000,43414209.766900,-0.335632
2026-08-04,58.610001,59.480000,57.049999,57.790001,740300,0.000000,0.000000,58.610001,59.480000,57.049999,57.790001,55.596000,61.239400,72.166456,62.468666,55.962945,57.631853,-1.668907,-2.433728,0.764821,49.983312,55.596000,62.279313,48.912687,0.664140,3.697452,0.063981,0.020844,0.049773,-0.146759,-0.285286,-0.039512,1.448300,0.831718,-0.464979,-0.464979,1.409659,788445.000000,42781937.740300,-0.345809
